2026-03-09 12:40:51,913:INFO:base.py:1846 SELECT DATABASE()
2026-03-09 12:40:51,913:INFO:base.py:1846 [raw sql] {}
2026-03-09 12:40:51,924:INFO:base.py:1846 SELECT @@sql_mode
2026-03-09 12:40:51,924:INFO:base.py:1846 [raw sql] {}
2026-03-09 12:40:51,927:INFO:base.py:1846 SELECT @@lower_case_table_names
2026-03-09 12:40:51,927:INFO:base.py:1846 [raw sql] {}
2026-03-09 12:40:52,032:INFO:base.py:2710 BEGIN (implicit)
2026-03-09 12:40:52,032:INFO:base.py:1846 SHOW CREATE TABLE `users`
2026-03-09 12:40:52,032:INFO:base.py:1846 [raw sql] {}
2026-03-09 12:40:52,133:INFO:base.py:2713 ROLLBACK
2026-03-09 12:40:52,140:INFO:main.py:51 Starting the application...
2026-03-09 12:40:52,140:DEBUG:main.py:52 Debugging information: Application is about to run.
2026-03-09 12:40:52,152:INFO:_internal.py:97 [31m[1mWARNING: This is a development server. Do not use it in a production deployment. Use a production WSGI server instead.[0m
 * Running on http://127.0.0.1:5000
2026-03-09 12:40:52,152:INFO:_internal.py:97 [33mPress CTRL+C to quit[0m
2026-03-09 17:19:13,895:INFO:base.py:1846 SELECT DATABASE()
2026-03-09 17:19:13,895:INFO:base.py:1846 [raw sql] {}
2026-03-09 17:19:13,898:INFO:base.py:1846 SELECT @@sql_mode
2026-03-09 17:19:13,898:INFO:base.py:1846 [raw sql] {}
2026-03-09 17:19:13,900:INFO:base.py:1846 SELECT @@lower_case_table_names
2026-03-09 17:19:13,900:INFO:base.py:1846 [raw sql] {}
2026-03-09 17:19:13,916:INFO:base.py:2710 BEGIN (implicit)
2026-03-09 17:19:13,916:INFO:base.py:1846 SHOW CREATE TABLE `user`
2026-03-09 17:19:13,916:INFO:base.py:1846 [raw sql] {}
2026-03-09 17:19:13,934:INFO:base.py:2713 ROLLBACK
2026-03-09 17:19:13,957:INFO:base.py:1846 SELECT DATABASE()
2026-03-09 17:19:13,957:INFO:base.py:1846 [raw sql] {}
2026-03-09 17:19:13,962:INFO:base.py:1846 SELECT @@sql_mode
2026-03-09 17:19:13,962:INFO:base.py:1846 [raw sql] {}
2026-03-09 17:19:13,964:INFO:base.py:1846 SELECT @@lower_case_table_names
2026-03-09 17:19:13,964:INFO:base.py:1846 [raw sql] {}
2026-03-09 17:19:13,969:INFO:base.py:2710 BEGIN (implicit)
2026-03-09 17:19:13,969:INFO:base.py:1846 SHOW CREATE TABLE `article`
2026-03-09 17:19:13,969:INFO:base.py:1846 [raw sql] {}
2026-03-09 17:19:13,981:INFO:base.py:2713 ROLLBACK
2026-03-09 17:19:13,998:INFO:_internal.py:97 [31m[1mWARNING: This is a development server. Do not use it in a production deployment. Use a production WSGI server instead.[0m
 * Running on http://127.0.0.1:5000
2026-03-09 17:19:13,998:INFO:_internal.py:97 [33mPress CTRL+C to quit[0m
2026-03-09 17:19:17,008:DEBUG:index.py:14 page: None, article_type: None
2026-03-09 17:19:17,039:ERROR:app.py:875 Exception on / [GET]
Traceback (most recent call last):
  File "/Users/uccs/Desktop/project/python/mumunote/.venv/lib/python3.13/site-packages/flask/app.py", line 1511, in wsgi_app
    response = self.full_dispatch_request()
  File "/Users/uccs/Desktop/project/python/mumunote/.venv/lib/python3.13/site-packages/flask/app.py", line 919, in full_dispatch_request
    rv = self.handle_user_exception(e)
  File "/Users/uccs/Desktop/project/python/mumunote/.venv/lib/python3.13/site-packages/flask/app.py", line 917, in full_dispatch_request
    rv = self.dispatch_request()
  File "/Users/uccs/Desktop/project/python/mumunote/.venv/lib/python3.13/site-packages/flask/app.py", line 902, in dispatch_request
    return self.ensure_sync(self.view_functions[rule.endpoint])(**view_args)  # type: ignore[no-any-return]
           ~~~~~~~~~~~~~~~~~~~~~~~~~~~~~~~~~~~~~~~~~~~~~~~~~~~~^^^^^^^^^^^^^
  File "/Users/uccs/Desktop/project/python/mumunote/controller/index.py", line 20, in home
    db_result = Article().find_article(page, article_type)
  File "/Users/uccs/Desktop/project/python/mumunote/model/article.py", line 22, in find_article
    .order_by(Article.browse_count.desc())
              ^^^^^^^^^^^^^^^^^^^^
AttributeError: type object 'Article' has no attribute 'browse_count'. Did you mean: 'browse_num'?
2026-03-09 17:19:17,068:INFO:_internal.py:97 127.0.0.1 - - [09/Mar/2026 17:19:17] "[35m[1mGET / HTTP/1.1[0m" 500 -
2026-03-09 17:21:32,022:INFO:base.py:1846 SELECT DATABASE()
2026-03-09 17:21:32,023:INFO:base.py:1846 [raw sql] {}
2026-03-09 17:21:32,026:INFO:base.py:1846 SELECT @@sql_mode
2026-03-09 17:21:32,026:INFO:base.py:1846 [raw sql] {}
2026-03-09 17:21:32,028:INFO:base.py:1846 SELECT @@lower_case_table_names
2026-03-09 17:21:32,028:INFO:base.py:1846 [raw sql] {}
2026-03-09 17:21:32,053:INFO:base.py:2710 BEGIN (implicit)
2026-03-09 17:21:32,054:INFO:base.py:1846 SHOW CREATE TABLE `user`
2026-03-09 17:21:32,054:INFO:base.py:1846 [raw sql] {}
2026-03-09 17:21:32,061:INFO:base.py:2713 ROLLBACK
2026-03-09 17:21:32,084:INFO:base.py:1846 SELECT DATABASE()
2026-03-09 17:21:32,085:INFO:base.py:1846 [raw sql] {}
2026-03-09 17:21:32,090:INFO:base.py:1846 SELECT @@sql_mode
2026-03-09 17:21:32,091:INFO:base.py:1846 [raw sql] {}
2026-03-09 17:21:32,095:INFO:base.py:1846 SELECT @@lower_case_table_names
2026-03-09 17:21:32,096:INFO:base.py:1846 [raw sql] {}
2026-03-09 17:21:32,104:INFO:base.py:2710 BEGIN (implicit)
2026-03-09 17:21:32,105:INFO:base.py:1846 SHOW CREATE TABLE `article`
2026-03-09 17:21:32,105:INFO:base.py:1846 [raw sql] {}
2026-03-09 17:21:32,121:INFO:base.py:2713 ROLLBACK
2026-03-09 17:21:32,150:INFO:_internal.py:97 [31m[1mWARNING: This is a development server. Do not use it in a production deployment. Use a production WSGI server instead.[0m
 * Running on http://127.0.0.1:5000
2026-03-09 17:21:32,151:INFO:_internal.py:97 [33mPress CTRL+C to quit[0m
2026-03-09 17:21:33,256:DEBUG:index.py:14 page: None, article_type: None
2026-03-09 17:21:33,260:ERROR:app.py:875 Exception on / [GET]
Traceback (most recent call last):
  File "/Users/uccs/Desktop/project/python/mumunote/.venv/lib/python3.13/site-packages/flask/app.py", line 1511, in wsgi_app
    response = self.full_dispatch_request()
  File "/Users/uccs/Desktop/project/python/mumunote/.venv/lib/python3.13/site-packages/flask/app.py", line 919, in full_dispatch_request
    rv = self.handle_user_exception(e)
  File "/Users/uccs/Desktop/project/python/mumunote/.venv/lib/python3.13/site-packages/flask/app.py", line 917, in full_dispatch_request
    rv = self.dispatch_request()
  File "/Users/uccs/Desktop/project/python/mumunote/.venv/lib/python3.13/site-packages/flask/app.py", line 902, in dispatch_request
    return self.ensure_sync(self.view_functions[rule.endpoint])(**view_args)  # type: ignore[no-any-return]
           ~~~~~~~~~~~~~~~~~~~~~~~~~~~~~~~~~~~~~~~~~~~~~~~~~~~~^^^^^^^^^^^^^
  File "/Users/uccs/Desktop/project/python/mumunote/controller/index.py", line 20, in home
    db_result = Article().find_article(page, article_type)
  File "/Users/uccs/Desktop/project/python/mumunote/model/article.py", line 22, in find_article
    .order_by(Article.browse_num.desc())
              ^^^^^^^^^^^^^^^^^^^^
AttributeError: type object 'Article' has no attribute 'browse_count'. Did you mean: 'browse_num'?
2026-03-09 17:21:33,267:INFO:_internal.py:97 127.0.0.1 - - [09/Mar/2026 17:21:33] "[35m[1mGET / HTTP/1.1[0m" 500 -
2026-03-09 17:22:17,979:INFO:base.py:1846 SELECT DATABASE()
2026-03-09 17:22:17,980:INFO:base.py:1846 [raw sql] {}
2026-03-09 17:22:17,988:INFO:base.py:1846 SELECT @@sql_mode
2026-03-09 17:22:17,988:INFO:base.py:1846 [raw sql] {}
2026-03-09 17:22:17,992:INFO:base.py:1846 SELECT @@lower_case_table_names
2026-03-09 17:22:17,992:INFO:base.py:1846 [raw sql] {}
2026-03-09 17:22:18,024:INFO:base.py:2710 BEGIN (implicit)
2026-03-09 17:22:18,025:INFO:base.py:1846 SHOW CREATE TABLE `user`
2026-03-09 17:22:18,026:INFO:base.py:1846 [raw sql] {}
2026-03-09 17:22:18,046:INFO:base.py:2713 ROLLBACK
2026-03-09 17:22:18,165:INFO:base.py:1846 SELECT DATABASE()
2026-03-09 17:22:18,167:INFO:base.py:1846 [raw sql] {}
2026-03-09 17:22:18,175:INFO:base.py:1846 SELECT @@sql_mode
2026-03-09 17:22:18,176:INFO:base.py:1846 [raw sql] {}
2026-03-09 17:22:18,190:INFO:base.py:1846 SELECT @@lower_case_table_names
2026-03-09 17:22:18,191:INFO:base.py:1846 [raw sql] {}
2026-03-09 17:22:18,220:INFO:base.py:2710 BEGIN (implicit)
2026-03-09 17:22:18,220:INFO:base.py:1846 SHOW CREATE TABLE `article`
2026-03-09 17:22:18,221:INFO:base.py:1846 [raw sql] {}
2026-03-09 17:22:18,239:INFO:base.py:2713 ROLLBACK
2026-03-09 17:22:18,296:INFO:_internal.py:97 [31m[1mWARNING: This is a development server. Do not use it in a production deployment. Use a production WSGI server instead.[0m
 * Running on http://127.0.0.1:5000
2026-03-09 17:22:18,297:INFO:_internal.py:97 [33mPress CTRL+C to quit[0m
2026-03-09 17:22:18,960:DEBUG:index.py:14 page: None, article_type: None
2026-03-09 17:22:18,974:ERROR:app.py:875 Exception on / [GET]
Traceback (most recent call last):
  File "/Users/uccs/Desktop/project/python/mumunote/.venv/lib/python3.13/site-packages/flask/app.py", line 1511, in wsgi_app
    response = self.full_dispatch_request()
  File "/Users/uccs/Desktop/project/python/mumunote/.venv/lib/python3.13/site-packages/flask/app.py", line 919, in full_dispatch_request
    rv = self.handle_user_exception(e)
  File "/Users/uccs/Desktop/project/python/mumunote/.venv/lib/python3.13/site-packages/flask/app.py", line 917, in full_dispatch_request
    rv = self.dispatch_request()
  File "/Users/uccs/Desktop/project/python/mumunote/.venv/lib/python3.13/site-packages/flask/app.py", line 902, in dispatch_request
    return self.ensure_sync(self.view_functions[rule.endpoint])(**view_args)  # type: ignore[no-any-return]
           ~~~~~~~~~~~~~~~~~~~~~~~~~~~~~~~~~~~~~~~~~~~~~~~~~~~~^^^^^^^^^^^^^
  File "/Users/uccs/Desktop/project/python/mumunote/controller/index.py", line 20, in home
    db_result = Article().find_article(page, article_type)
  File "/Users/uccs/Desktop/project/python/mumunote/model/article.py", line 20, in find_article
    .join(User, User.id == Article.user_id)
                ^^^^^^^
AttributeError: type object 'User' has no attribute 'id'
2026-03-09 17:22:18,982:INFO:_internal.py:97 127.0.0.1 - - [09/Mar/2026 17:22:18] "[35m[1mGET / HTTP/1.1[0m" 500 -
2026-03-09 17:22:35,042:INFO:base.py:1846 SELECT DATABASE()
2026-03-09 17:22:35,042:INFO:base.py:1846 [raw sql] {}
2026-03-09 17:22:35,046:INFO:base.py:1846 SELECT @@sql_mode
2026-03-09 17:22:35,047:INFO:base.py:1846 [raw sql] {}
2026-03-09 17:22:35,050:INFO:base.py:1846 SELECT @@lower_case_table_names
2026-03-09 17:22:35,051:INFO:base.py:1846 [raw sql] {}
2026-03-09 17:22:35,076:INFO:base.py:2710 BEGIN (implicit)
2026-03-09 17:22:35,077:INFO:base.py:1846 SHOW CREATE TABLE `users`
2026-03-09 17:22:35,077:INFO:base.py:1846 [raw sql] {}
2026-03-09 17:22:35,086:INFO:base.py:2713 ROLLBACK
2026-03-09 17:23:16,944:INFO:base.py:1846 SELECT DATABASE()
2026-03-09 17:23:16,944:INFO:base.py:1846 [raw sql] {}
2026-03-09 17:23:16,947:INFO:base.py:1846 SELECT @@sql_mode
2026-03-09 17:23:16,947:INFO:base.py:1846 [raw sql] {}
2026-03-09 17:23:16,949:INFO:base.py:1846 SELECT @@lower_case_table_names
2026-03-09 17:23:16,949:INFO:base.py:1846 [raw sql] {}
2026-03-09 17:23:16,965:INFO:base.py:2710 BEGIN (implicit)
2026-03-09 17:23:16,965:INFO:base.py:1846 SHOW CREATE TABLE `user`
2026-03-09 17:23:16,965:INFO:base.py:1846 [raw sql] {}
2026-03-09 17:23:16,982:INFO:base.py:2713 ROLLBACK
2026-03-09 17:23:17,002:INFO:base.py:1846 SELECT DATABASE()
2026-03-09 17:23:17,003:INFO:base.py:1846 [raw sql] {}
2026-03-09 17:23:17,009:INFO:base.py:1846 SELECT @@sql_mode
2026-03-09 17:23:17,009:INFO:base.py:1846 [raw sql] {}
2026-03-09 17:23:17,011:INFO:base.py:1846 SELECT @@lower_case_table_names
2026-03-09 17:23:17,012:INFO:base.py:1846 [raw sql] {}
2026-03-09 17:23:17,016:INFO:base.py:2710 BEGIN (implicit)
2026-03-09 17:23:17,017:INFO:base.py:1846 SHOW CREATE TABLE `article`
2026-03-09 17:23:17,017:INFO:base.py:1846 [raw sql] {}
2026-03-09 17:23:17,027:INFO:base.py:2713 ROLLBACK
2026-03-09 17:23:17,043:INFO:_internal.py:97 [31m[1mWARNING: This is a development server. Do not use it in a production deployment. Use a production WSGI server instead.[0m
 * Running on http://127.0.0.1:5000
2026-03-09 17:23:17,044:INFO:_internal.py:97 [33mPress CTRL+C to quit[0m
2026-03-09 17:23:18,639:DEBUG:index.py:14 page: None, article_type: None
2026-03-09 17:23:18,643:INFO:base.py:2710 BEGIN (implicit)
2026-03-09 17:23:18,652:INFO:base.py:1846 SELECT article.id AS article_id, article.label_name AS article_label_name, article.article_image AS article_article_image, article.title AS article_title, article.article_content AS article_article_content, article.article_tag AS article_article_tag, article.user_id AS article_user_id, article.browse_num AS article_browse_num, article.drafted AS article_drafted, article.article_type AS article_article_type, article.create_time AS article_create_time, user.nickname AS user_nickname 
FROM article INNER JOIN user ON user.user_id = article.user_id 
WHERE article.drafted = %(drafted_1)s ORDER BY article.browse_num DESC 
 LIMIT %(param_1)s
2026-03-09 17:23:18,653:INFO:base.py:1846 [generated in 0.00110s] {'drafted_1': 1, 'param_1': 10}
2026-03-09 17:23:18,709:DEBUG:index.py:21 db_result: [(<model.article.Article object at 0x111850f50>, '码农突围'), (<model.article.Article object at 0x111851090>, '码农突围'), (<model.article.Article object at 0x11179fa80>, '流逝在指尖活在当下'), (<model.article.Article object at 0x11179fe10>, 'xpbob'), (<model.article.Article object at 0x11184a8d0>, '终端研发部'), (<model.article.Article object at 0x111717f00>, '万猫学社'), (<model.article.Article object at 0x111880050>, '万猫学社'), (<model.article.Article object at 0x11182e550>, '小奇JAVA'), (<model.article.Article object at 0x11182e650>, '求老仙'), (<model.article.Article object at 0x111832e40>, '南瓜慢说')]
2026-03-09 17:23:18,710:ERROR:app.py:875 Exception on / [GET]
Traceback (most recent call last):
  File "/Users/uccs/Desktop/project/python/mumunote/.venv/lib/python3.13/site-packages/flask/app.py", line 1511, in wsgi_app
    response = self.full_dispatch_request()
  File "/Users/uccs/Desktop/project/python/mumunote/.venv/lib/python3.13/site-packages/flask/app.py", line 919, in full_dispatch_request
    rv = self.handle_user_exception(e)
  File "/Users/uccs/Desktop/project/python/mumunote/.venv/lib/python3.13/site-packages/flask/app.py", line 917, in full_dispatch_request
    rv = self.dispatch_request()
  File "/Users/uccs/Desktop/project/python/mumunote/.venv/lib/python3.13/site-packages/flask/app.py", line 902, in dispatch_request
    return self.ensure_sync(self.view_functions[rule.endpoint])(**view_args)  # type: ignore[no-any-return]
           ~~~~~~~~~~~~~~~~~~~~~~~~~~~~~~~~~~~~~~~~~~~~~~~~~~~~^^^^^^^^^^^^^
  File "/Users/uccs/Desktop/project/python/mumunote/controller/index.py", line 23, in home
    return render_template("index.html", result=db_result)
  File "/Users/uccs/Desktop/project/python/mumunote/.venv/lib/python3.13/site-packages/flask/templating.py", line 150, in render_template
    template = app.jinja_env.get_or_select_template(template_name_or_list)
  File "/Users/uccs/Desktop/project/python/mumunote/.venv/lib/python3.13/site-packages/jinja2/environment.py", line 1087, in get_or_select_template
    return self.get_template(template_name_or_list, parent, globals)
           ~~~~~~~~~~~~~~~~~^^^^^^^^^^^^^^^^^^^^^^^^^^^^^^^^^^^^^^^^
  File "/Users/uccs/Desktop/project/python/mumunote/.venv/lib/python3.13/site-packages/jinja2/environment.py", line 1016, in get_template
    return self._load_template(name, globals)
           ~~~~~~~~~~~~~~~~~~~^^^^^^^^^^^^^^^
  File "/Users/uccs/Desktop/project/python/mumunote/.venv/lib/python3.13/site-packages/jinja2/environment.py", line 975, in _load_template
    template = self.loader.load(self, name, self.make_globals(globals))
  File "/Users/uccs/Desktop/project/python/mumunote/.venv/lib/python3.13/site-packages/jinja2/loaders.py", line 126, in load
    source, filename, uptodate = self.get_source(environment, name)
                                 ~~~~~~~~~~~~~~~^^^^^^^^^^^^^^^^^^^
  File "/Users/uccs/Desktop/project/python/mumunote/.venv/lib/python3.13/site-packages/flask/templating.py", line 66, in get_source
    return self._get_source_fast(environment, template)
           ~~~~~~~~~~~~~~~~~~~~~^^^^^^^^^^^^^^^^^^^^^^^
  File "/Users/uccs/Desktop/project/python/mumunote/.venv/lib/python3.13/site-packages/flask/templating.py", line 100, in _get_source_fast
    raise TemplateNotFound(template)
jinja2.exceptions.TemplateNotFound: index.html
2026-03-09 17:23:18,718:INFO:_internal.py:97 127.0.0.1 - - [09/Mar/2026 17:23:18] "[35m[1mGET / HTTP/1.1[0m" 500 -
2026-03-09 17:28:08,707:INFO:base.py:1846 SELECT DATABASE()
2026-03-09 17:28:08,707:INFO:base.py:1846 [raw sql] {}
2026-03-09 17:28:08,710:INFO:base.py:1846 SELECT @@sql_mode
2026-03-09 17:28:08,710:INFO:base.py:1846 [raw sql] {}
2026-03-09 17:28:08,712:INFO:base.py:1846 SELECT @@lower_case_table_names
2026-03-09 17:28:08,712:INFO:base.py:1846 [raw sql] {}
2026-03-09 17:28:08,730:INFO:base.py:2710 BEGIN (implicit)
2026-03-09 17:28:08,730:INFO:base.py:1846 SHOW CREATE TABLE `user`
2026-03-09 17:28:08,730:INFO:base.py:1846 [raw sql] {}
2026-03-09 17:28:08,741:INFO:base.py:2713 ROLLBACK
2026-03-09 17:28:08,768:INFO:base.py:1846 SELECT DATABASE()
2026-03-09 17:28:08,768:INFO:base.py:1846 [raw sql] {}
2026-03-09 17:28:08,774:INFO:base.py:1846 SELECT @@sql_mode
2026-03-09 17:28:08,775:INFO:base.py:1846 [raw sql] {}
2026-03-09 17:28:08,781:INFO:base.py:1846 SELECT @@lower_case_table_names
2026-03-09 17:28:08,782:INFO:base.py:1846 [raw sql] {}
2026-03-09 17:28:08,791:INFO:base.py:2710 BEGIN (implicit)
2026-03-09 17:28:08,792:INFO:base.py:1846 SHOW CREATE TABLE `article`
2026-03-09 17:28:08,792:INFO:base.py:1846 [raw sql] {}
2026-03-09 17:28:08,808:INFO:base.py:2713 ROLLBACK
2026-03-09 17:28:08,842:INFO:_internal.py:97 [31m[1mWARNING: This is a development server. Do not use it in a production deployment. Use a production WSGI server instead.[0m
 * Running on http://127.0.0.1:5000
2026-03-09 17:28:08,843:INFO:_internal.py:97 [33mPress CTRL+C to quit[0m
2026-03-09 17:28:12,028:DEBUG:index.py:14 page: None, article_type: None
2026-03-09 17:28:12,032:INFO:base.py:2710 BEGIN (implicit)
2026-03-09 17:28:12,047:INFO:base.py:1846 SELECT article.id AS article_id, article.label_name AS article_label_name, article.article_image AS article_article_image, article.title AS article_title, article.article_content AS article_article_content, article.article_tag AS article_article_tag, article.user_id AS article_user_id, article.browse_num AS article_browse_num, article.drafted AS article_drafted, article.article_type AS article_article_type, article.create_time AS article_create_time, user.nickname AS user_nickname 
FROM article INNER JOIN user ON user.user_id = article.user_id 
WHERE article.drafted = %(drafted_1)s ORDER BY article.browse_num DESC 
 LIMIT %(param_1)s
2026-03-09 17:28:12,047:INFO:base.py:1846 [generated in 0.00053s] {'drafted_1': 1, 'param_1': 10}
2026-03-09 17:28:12,127:DEBUG:index.py:21 db_result: [(<model.article.Article object at 0x105594f50>, '码农突围'), (<model.article.Article object at 0x105595090>, '码农突围'), (<model.article.Article object at 0x1054e7bb0>, '流逝在指尖活在当下'), (<model.article.Article object at 0x1054e7e10>, 'xpbob'), (<model.article.Article object at 0x1055928d0>, '终端研发部'), (<model.article.Article object at 0x10545bf00>, '万猫学社'), (<model.article.Article object at 0x1055c8050>, '万猫学社'), (<model.article.Article object at 0x105576550>, '小奇JAVA'), (<model.article.Article object at 0x105576650>, '求老仙'), (<model.article.Article object at 0x10557ad50>, '南瓜慢说')]
2026-03-09 17:28:12,127:ERROR:app.py:875 Exception on / [GET]
Traceback (most recent call last):
  File "/Users/uccs/Desktop/project/python/mumunote/.venv/lib/python3.13/site-packages/flask/app.py", line 1511, in wsgi_app
    response = self.full_dispatch_request()
  File "/Users/uccs/Desktop/project/python/mumunote/.venv/lib/python3.13/site-packages/flask/app.py", line 919, in full_dispatch_request
    rv = self.handle_user_exception(e)
  File "/Users/uccs/Desktop/project/python/mumunote/.venv/lib/python3.13/site-packages/flask/app.py", line 917, in full_dispatch_request
    rv = self.dispatch_request()
  File "/Users/uccs/Desktop/project/python/mumunote/.venv/lib/python3.13/site-packages/flask/app.py", line 902, in dispatch_request
    return self.ensure_sync(self.view_functions[rule.endpoint])(**view_args)  # type: ignore[no-any-return]
           ~~~~~~~~~~~~~~~~~~~~~~~~~~~~~~~~~~~~~~~~~~~~~~~~~~~~^^^^^^^^^^^^^
  File "/Users/uccs/Desktop/project/python/mumunote/controller/index.py", line 23, in home
    return render_template("index.html", result=db_result)
  File "/Users/uccs/Desktop/project/python/mumunote/.venv/lib/python3.13/site-packages/flask/templating.py", line 150, in render_template
    template = app.jinja_env.get_or_select_template(template_name_or_list)
  File "/Users/uccs/Desktop/project/python/mumunote/.venv/lib/python3.13/site-packages/jinja2/environment.py", line 1087, in get_or_select_template
    return self.get_template(template_name_or_list, parent, globals)
           ~~~~~~~~~~~~~~~~~^^^^^^^^^^^^^^^^^^^^^^^^^^^^^^^^^^^^^^^^
  File "/Users/uccs/Desktop/project/python/mumunote/.venv/lib/python3.13/site-packages/jinja2/environment.py", line 1016, in get_template
    return self._load_template(name, globals)
           ~~~~~~~~~~~~~~~~~~~^^^^^^^^^^^^^^^
  File "/Users/uccs/Desktop/project/python/mumunote/.venv/lib/python3.13/site-packages/jinja2/environment.py", line 975, in _load_template
    template = self.loader.load(self, name, self.make_globals(globals))
  File "/Users/uccs/Desktop/project/python/mumunote/.venv/lib/python3.13/site-packages/jinja2/loaders.py", line 126, in load
    source, filename, uptodate = self.get_source(environment, name)
                                 ~~~~~~~~~~~~~~~^^^^^^^^^^^^^^^^^^^
  File "/Users/uccs/Desktop/project/python/mumunote/.venv/lib/python3.13/site-packages/flask/templating.py", line 66, in get_source
    return self._get_source_fast(environment, template)
           ~~~~~~~~~~~~~~~~~~~~~^^^^^^^^^^^^^^^^^^^^^^^
  File "/Users/uccs/Desktop/project/python/mumunote/.venv/lib/python3.13/site-packages/flask/templating.py", line 100, in _get_source_fast
    raise TemplateNotFound(template)
jinja2.exceptions.TemplateNotFound: index.html
2026-03-09 17:28:12,136:INFO:_internal.py:97 127.0.0.1 - - [09/Mar/2026 17:28:12] "[35m[1mGET / HTTP/1.1[0m" 500 -
2026-03-09 17:28:44,418:INFO:base.py:1846 SELECT DATABASE()
2026-03-09 17:28:44,419:INFO:base.py:1846 [raw sql] {}
2026-03-09 17:28:44,424:INFO:base.py:1846 SELECT @@sql_mode
2026-03-09 17:28:44,425:INFO:base.py:1846 [raw sql] {}
2026-03-09 17:28:44,427:INFO:base.py:1846 SELECT @@lower_case_table_names
2026-03-09 17:28:44,427:INFO:base.py:1846 [raw sql] {}
2026-03-09 17:28:44,446:INFO:base.py:2710 BEGIN (implicit)
2026-03-09 17:28:44,447:INFO:base.py:1846 SHOW CREATE TABLE `user`
2026-03-09 17:28:44,447:INFO:base.py:1846 [raw sql] {}
2026-03-09 17:28:44,458:INFO:base.py:2713 ROLLBACK
2026-03-09 17:28:44,491:INFO:base.py:1846 SELECT DATABASE()
2026-03-09 17:28:44,492:INFO:base.py:1846 [raw sql] {}
2026-03-09 17:28:44,497:INFO:base.py:1846 SELECT @@sql_mode
2026-03-09 17:28:44,497:INFO:base.py:1846 [raw sql] {}
2026-03-09 17:28:44,499:INFO:base.py:1846 SELECT @@lower_case_table_names
2026-03-09 17:28:44,499:INFO:base.py:1846 [raw sql] {}
2026-03-09 17:28:44,505:INFO:base.py:2710 BEGIN (implicit)
2026-03-09 17:28:44,505:INFO:base.py:1846 SHOW CREATE TABLE `article`
2026-03-09 17:28:44,505:INFO:base.py:1846 [raw sql] {}
2026-03-09 17:28:44,513:INFO:base.py:2713 ROLLBACK
2026-03-09 17:28:44,531:INFO:_internal.py:97 [31m[1mWARNING: This is a development server. Do not use it in a production deployment. Use a production WSGI server instead.[0m
 * Running on http://127.0.0.1:5000
2026-03-09 17:28:44,531:INFO:_internal.py:97 [33mPress CTRL+C to quit[0m
2026-03-09 17:28:45,799:DEBUG:index.py:14 page: None, article_type: None
2026-03-09 17:28:45,806:INFO:base.py:2710 BEGIN (implicit)
2026-03-09 17:28:45,817:INFO:base.py:1846 SELECT article.id AS article_id, article.label_name AS article_label_name, article.article_image AS article_article_image, article.title AS article_title, article.article_content AS article_article_content, article.article_tag AS article_article_tag, article.user_id AS article_user_id, article.browse_num AS article_browse_num, article.drafted AS article_drafted, article.article_type AS article_article_type, article.create_time AS article_create_time, user.nickname AS user_nickname 
FROM article INNER JOIN user ON user.user_id = article.user_id 
WHERE article.drafted = %(drafted_1)s ORDER BY article.browse_num DESC 
 LIMIT %(param_1)s
2026-03-09 17:28:45,817:INFO:base.py:1846 [generated in 0.00068s] {'drafted_1': 1, 'param_1': 10}
2026-03-09 17:28:45,880:DEBUG:index.py:21 db_result: [(<model.article.Article object at 0x1087d4f50>, '码农突围'), (<model.article.Article object at 0x1087d5090>, '码农突围'), (<model.article.Article object at 0x108723a80>, '流逝在指尖活在当下'), (<model.article.Article object at 0x108723e10>, 'xpbob'), (<model.article.Article object at 0x1087ce8d0>, '终端研发部'), (<model.article.Article object at 0x10869bf00>, '万猫学社'), (<model.article.Article object at 0x108804050>, '万猫学社'), (<model.article.Article object at 0x1087b2550>, '小奇JAVA'), (<model.article.Article object at 0x1087b2650>, '求老仙'), (<model.article.Article object at 0x1087b6e40>, '南瓜慢说')]
2026-03-09 17:28:45,913:ERROR:app.py:875 Exception on / [GET]
Traceback (most recent call last):
  File "/Users/uccs/Desktop/project/python/mumunote/.venv/lib/python3.13/site-packages/flask/app.py", line 1511, in wsgi_app
    response = self.full_dispatch_request()
  File "/Users/uccs/Desktop/project/python/mumunote/.venv/lib/python3.13/site-packages/flask/app.py", line 919, in full_dispatch_request
    rv = self.handle_user_exception(e)
  File "/Users/uccs/Desktop/project/python/mumunote/.venv/lib/python3.13/site-packages/flask/app.py", line 917, in full_dispatch_request
    rv = self.dispatch_request()
  File "/Users/uccs/Desktop/project/python/mumunote/.venv/lib/python3.13/site-packages/flask/app.py", line 902, in dispatch_request
    return self.ensure_sync(self.view_functions[rule.endpoint])(**view_args)  # type: ignore[no-any-return]
           ~~~~~~~~~~~~~~~~~~~~~~~~~~~~~~~~~~~~~~~~~~~~~~~~~~~~^^^^^^^^^^^^^
  File "/Users/uccs/Desktop/project/python/mumunote/controller/index.py", line 23, in home
    return render_template("index.html", result=db_result)
  File "/Users/uccs/Desktop/project/python/mumunote/.venv/lib/python3.13/site-packages/flask/templating.py", line 151, in render_template
    return _render(app, template, context)
  File "/Users/uccs/Desktop/project/python/mumunote/.venv/lib/python3.13/site-packages/flask/templating.py", line 132, in _render
    rv = template.render(context)
  File "/Users/uccs/Desktop/project/python/mumunote/.venv/lib/python3.13/site-packages/jinja2/environment.py", line 1295, in render
    self.environment.handle_exception()
    ~~~~~~~~~~~~~~~~~~~~~~~~~~~~~~~~~^^
  File "/Users/uccs/Desktop/project/python/mumunote/.venv/lib/python3.13/site-packages/jinja2/environment.py", line 942, in handle_exception
    raise rewrite_traceback_stack(source=source)
  File "/Users/uccs/Desktop/project/python/mumunote/templates/index.html", line 1, in top-level template code
    {% extends 'public/header.html' %}
    ^^^^^^^^^^^^^^^^^^^^^^^^^
  File "/Users/uccs/Desktop/project/python/mumunote/templates/public/header.html", line 135, in top-level template code
    {% block content %}
  File "/Users/uccs/Desktop/project/python/mumunote/templates/index.html", line 8, in block 'content'
    {% for label_name,label_value in label_types.items() %}
    ^^^^^^^^^^^^^^^
  File "/Users/uccs/Desktop/project/python/mumunote/.venv/lib/python3.13/site-packages/jinja2/environment.py", line 490, in getattr
    return getattr(obj, attribute)
jinja2.exceptions.UndefinedError: 'label_types' is undefined
2026-03-09 17:28:45,919:INFO:_internal.py:97 127.0.0.1 - - [09/Mar/2026 17:28:45] "[35m[1mGET / HTTP/1.1[0m" 500 -
2026-03-09 17:29:19,264:INFO:base.py:1846 SELECT DATABASE()
2026-03-09 17:29:19,265:INFO:base.py:1846 [raw sql] {}
2026-03-09 17:29:19,267:INFO:base.py:1846 SELECT @@sql_mode
2026-03-09 17:29:19,267:INFO:base.py:1846 [raw sql] {}
2026-03-09 17:29:19,269:INFO:base.py:1846 SELECT @@lower_case_table_names
2026-03-09 17:29:19,269:INFO:base.py:1846 [raw sql] {}
2026-03-09 17:29:19,287:INFO:base.py:2710 BEGIN (implicit)
2026-03-09 17:29:19,287:INFO:base.py:1846 SHOW CREATE TABLE `user`
2026-03-09 17:29:19,287:INFO:base.py:1846 [raw sql] {}
2026-03-09 17:29:19,292:INFO:base.py:2713 ROLLBACK
2026-03-09 17:29:19,312:INFO:base.py:1846 SELECT DATABASE()
2026-03-09 17:29:19,312:INFO:base.py:1846 [raw sql] {}
2026-03-09 17:29:19,315:INFO:base.py:1846 SELECT @@sql_mode
2026-03-09 17:29:19,315:INFO:base.py:1846 [raw sql] {}
2026-03-09 17:29:19,316:INFO:base.py:1846 SELECT @@lower_case_table_names
2026-03-09 17:29:19,316:INFO:base.py:1846 [raw sql] {}
2026-03-09 17:29:19,321:INFO:base.py:2710 BEGIN (implicit)
2026-03-09 17:29:19,321:INFO:base.py:1846 SHOW CREATE TABLE `article`
2026-03-09 17:29:19,321:INFO:base.py:1846 [raw sql] {}
2026-03-09 17:29:19,325:INFO:base.py:2713 ROLLBACK
2026-03-09 17:29:19,336:INFO:_internal.py:97 [31m[1mWARNING: This is a development server. Do not use it in a production deployment. Use a production WSGI server instead.[0m
 * Running on http://127.0.0.1:5000
2026-03-09 17:29:19,337:INFO:_internal.py:97 [33mPress CTRL+C to quit[0m
2026-03-09 17:29:22,152:DEBUG:index.py:14 page: None, article_type: None
2026-03-09 17:29:22,161:INFO:base.py:2710 BEGIN (implicit)
2026-03-09 17:29:22,170:INFO:base.py:1846 SELECT article.id AS article_id, article.label_name AS article_label_name, article.article_image AS article_article_image, article.title AS article_title, article.article_content AS article_article_content, article.article_tag AS article_article_tag, article.user_id AS article_user_id, article.browse_num AS article_browse_num, article.drafted AS article_drafted, article.article_type AS article_article_type, article.create_time AS article_create_time, user.nickname AS user_nickname 
FROM article INNER JOIN user ON user.user_id = article.user_id 
WHERE article.drafted = %(drafted_1)s ORDER BY article.browse_num DESC 
 LIMIT %(param_1)s
2026-03-09 17:29:22,170:INFO:base.py:1846 [generated in 0.00084s] {'drafted_1': 1, 'param_1': 10}
2026-03-09 17:29:22,191:DEBUG:index.py:21 db_result: [(<model.article.Article object at 0x1101b8f50>, '码农突围'), (<model.article.Article object at 0x1101b9090>, '码农突围'), (<model.article.Article object at 0x110107a80>, '流逝在指尖活在当下'), (<model.article.Article object at 0x110107e10>, 'xpbob'), (<model.article.Article object at 0x1101b68d0>, '终端研发部'), (<model.article.Article object at 0x11007bf00>, '万猫学社'), (<model.article.Article object at 0x1101e8050>, '万猫学社'), (<model.article.Article object at 0x110196550>, '小奇JAVA'), (<model.article.Article object at 0x110196650>, '求老仙'), (<model.article.Article object at 0x11019ae40>, '南瓜慢说')]
2026-03-09 17:29:22,210:ERROR:app.py:875 Exception on / [GET]
Traceback (most recent call last):
  File "/Users/uccs/Desktop/project/python/mumunote/.venv/lib/python3.13/site-packages/flask/app.py", line 1511, in wsgi_app
    response = self.full_dispatch_request()
  File "/Users/uccs/Desktop/project/python/mumunote/.venv/lib/python3.13/site-packages/flask/app.py", line 919, in full_dispatch_request
    rv = self.handle_user_exception(e)
  File "/Users/uccs/Desktop/project/python/mumunote/.venv/lib/python3.13/site-packages/flask/app.py", line 917, in full_dispatch_request
    rv = self.dispatch_request()
  File "/Users/uccs/Desktop/project/python/mumunote/.venv/lib/python3.13/site-packages/flask/app.py", line 902, in dispatch_request
    return self.ensure_sync(self.view_functions[rule.endpoint])(**view_args)  # type: ignore[no-any-return]
           ~~~~~~~~~~~~~~~~~~~~~~~~~~~~~~~~~~~~~~~~~~~~~~~~~~~~^^^^^^^^^^^^^
  File "/Users/uccs/Desktop/project/python/mumunote/controller/index.py", line 23, in home
    return render_template("index.html", result=db_result)
  File "/Users/uccs/Desktop/project/python/mumunote/.venv/lib/python3.13/site-packages/flask/templating.py", line 151, in render_template
    return _render(app, template, context)
  File "/Users/uccs/Desktop/project/python/mumunote/.venv/lib/python3.13/site-packages/flask/templating.py", line 132, in _render
    rv = template.render(context)
  File "/Users/uccs/Desktop/project/python/mumunote/.venv/lib/python3.13/site-packages/jinja2/environment.py", line 1295, in render
    self.environment.handle_exception()
    ~~~~~~~~~~~~~~~~~~~~~~~~~~~~~~~~~^^
  File "/Users/uccs/Desktop/project/python/mumunote/.venv/lib/python3.13/site-packages/jinja2/environment.py", line 942, in handle_exception
    raise rewrite_traceback_stack(source=source)
  File "/Users/uccs/Desktop/project/python/mumunote/template/index.html", line 1, in top-level template code
    {% extends 'public/header.html' %}
    ^^^^^^^^^^^^^^^^^^^^^^^^^
  File "/Users/uccs/Desktop/project/python/mumunote/template/public/header.html", line 135, in top-level template code
    {% block content %}
  File "/Users/uccs/Desktop/project/python/mumunote/template/index.html", line 8, in block 'content'
    {% for label_name,label_value in label_types.items() %}
    ^^^^^^^^^^^^^^^
  File "/Users/uccs/Desktop/project/python/mumunote/.venv/lib/python3.13/site-packages/jinja2/environment.py", line 490, in getattr
    return getattr(obj, attribute)
jinja2.exceptions.UndefinedError: 'label_types' is undefined
2026-03-09 17:29:22,216:INFO:_internal.py:97 127.0.0.1 - - [09/Mar/2026 17:29:22] "[35m[1mGET / HTTP/1.1[0m" 500 -
2026-03-09 17:30:02,333:INFO:base.py:1846 SELECT DATABASE()
2026-03-09 17:30:02,334:INFO:base.py:1846 [raw sql] {}
2026-03-09 17:30:02,339:INFO:base.py:1846 SELECT @@sql_mode
2026-03-09 17:30:02,339:INFO:base.py:1846 [raw sql] {}
2026-03-09 17:30:02,341:INFO:base.py:1846 SELECT @@lower_case_table_names
2026-03-09 17:30:02,342:INFO:base.py:1846 [raw sql] {}
2026-03-09 17:30:02,358:INFO:base.py:2710 BEGIN (implicit)
2026-03-09 17:30:02,358:INFO:base.py:1846 SHOW CREATE TABLE `user`
2026-03-09 17:30:02,358:INFO:base.py:1846 [raw sql] {}
2026-03-09 17:30:02,363:INFO:base.py:2713 ROLLBACK
2026-03-09 17:30:02,385:INFO:base.py:1846 SELECT DATABASE()
2026-03-09 17:30:02,385:INFO:base.py:1846 [raw sql] {}
2026-03-09 17:30:02,389:INFO:base.py:1846 SELECT @@sql_mode
2026-03-09 17:30:02,390:INFO:base.py:1846 [raw sql] {}
2026-03-09 17:30:02,392:INFO:base.py:1846 SELECT @@lower_case_table_names
2026-03-09 17:30:02,393:INFO:base.py:1846 [raw sql] {}
2026-03-09 17:30:02,399:INFO:base.py:2710 BEGIN (implicit)
2026-03-09 17:30:02,400:INFO:base.py:1846 SHOW CREATE TABLE `article`
2026-03-09 17:30:02,400:INFO:base.py:1846 [raw sql] {}
2026-03-09 17:30:02,407:INFO:base.py:2713 ROLLBACK
2026-03-09 17:30:43,568:INFO:base.py:1846 SELECT DATABASE()
2026-03-09 17:30:43,830:INFO:base.py:1846 [raw sql] {}
2026-03-09 17:30:43,850:INFO:base.py:1846 SELECT @@sql_mode
2026-03-09 17:30:43,859:INFO:base.py:1846 [raw sql] {}
2026-03-09 17:30:43,881:INFO:base.py:1846 SELECT @@lower_case_table_names
2026-03-09 17:30:43,902:INFO:base.py:1846 [raw sql] {}
2026-03-09 17:30:43,956:INFO:base.py:2710 BEGIN (implicit)
2026-03-09 17:30:43,957:INFO:base.py:1846 SHOW CREATE TABLE `user`
2026-03-09 17:30:43,957:INFO:base.py:1846 [raw sql] {}
2026-03-09 17:30:43,969:INFO:base.py:2713 ROLLBACK
2026-03-09 17:30:44,004:INFO:base.py:1846 SELECT DATABASE()
2026-03-09 17:30:44,004:INFO:base.py:1846 [raw sql] {}
2026-03-09 17:30:44,010:INFO:base.py:1846 SELECT @@sql_mode
2026-03-09 17:30:44,011:INFO:base.py:1846 [raw sql] {}
2026-03-09 17:30:44,013:INFO:base.py:1846 SELECT @@lower_case_table_names
2026-03-09 17:30:44,013:INFO:base.py:1846 [raw sql] {}
2026-03-09 17:30:44,026:INFO:base.py:2710 BEGIN (implicit)
2026-03-09 17:30:44,027:INFO:base.py:1846 SHOW CREATE TABLE `article`
2026-03-09 17:30:44,027:INFO:base.py:1846 [raw sql] {}
2026-03-09 17:30:44,038:INFO:base.py:2713 ROLLBACK
2026-03-09 17:30:44,065:INFO:_internal.py:97 [31m[1mWARNING: This is a development server. Do not use it in a production deployment. Use a production WSGI server instead.[0m
 * Running on http://127.0.0.1:5000
2026-03-09 17:30:44,065:INFO:_internal.py:97 [33mPress CTRL+C to quit[0m
2026-03-09 17:32:37,368:INFO:base.py:1846 SELECT DATABASE()
2026-03-09 17:32:37,368:INFO:base.py:1846 [raw sql] {}
2026-03-09 17:32:37,371:INFO:base.py:1846 SELECT @@sql_mode
2026-03-09 17:32:37,371:INFO:base.py:1846 [raw sql] {}
2026-03-09 17:32:37,373:INFO:base.py:1846 SELECT @@lower_case_table_names
2026-03-09 17:32:37,373:INFO:base.py:1846 [raw sql] {}
2026-03-09 17:32:37,389:INFO:base.py:2710 BEGIN (implicit)
2026-03-09 17:32:37,390:INFO:base.py:1846 SHOW CREATE TABLE `user`
2026-03-09 17:32:37,390:INFO:base.py:1846 [raw sql] {}
2026-03-09 17:32:37,393:INFO:base.py:2713 ROLLBACK
2026-03-09 17:32:37,414:INFO:base.py:1846 SELECT DATABASE()
2026-03-09 17:32:37,414:INFO:base.py:1846 [raw sql] {}
2026-03-09 17:32:37,417:INFO:base.py:1846 SELECT @@sql_mode
2026-03-09 17:32:37,417:INFO:base.py:1846 [raw sql] {}
2026-03-09 17:32:37,418:INFO:base.py:1846 SELECT @@lower_case_table_names
2026-03-09 17:32:37,418:INFO:base.py:1846 [raw sql] {}
2026-03-09 17:32:37,424:INFO:base.py:2710 BEGIN (implicit)
2026-03-09 17:32:37,424:INFO:base.py:1846 SHOW CREATE TABLE `article`
2026-03-09 17:32:37,424:INFO:base.py:1846 [raw sql] {}
2026-03-09 17:32:37,428:INFO:base.py:2713 ROLLBACK
2026-03-09 17:32:37,439:INFO:_internal.py:97 [31m[1mWARNING: This is a development server. Do not use it in a production deployment. Use a production WSGI server instead.[0m
 * Running on http://127.0.0.1:5001
2026-03-09 17:32:37,440:INFO:_internal.py:97 [33mPress CTRL+C to quit[0m
2026-03-09 17:32:38,041:DEBUG:index.py:14 page: None, article_type: None
2026-03-09 17:32:38,044:INFO:base.py:2710 BEGIN (implicit)
2026-03-09 17:32:38,052:INFO:base.py:1846 SELECT article.id AS article_id, article.label_name AS article_label_name, article.article_image AS article_article_image, article.title AS article_title, article.article_content AS article_article_content, article.article_tag AS article_article_tag, article.user_id AS article_user_id, article.browse_num AS article_browse_num, article.drafted AS article_drafted, article.article_type AS article_article_type, article.create_time AS article_create_time, user.nickname AS user_nickname 
FROM article INNER JOIN user ON user.user_id = article.user_id 
WHERE article.drafted = %(drafted_1)s ORDER BY article.browse_num DESC 
 LIMIT %(param_1)s
2026-03-09 17:32:38,053:INFO:base.py:1846 [generated in 0.00087s] {'drafted_1': 1, 'param_1': 10}
2026-03-09 17:32:38,080:DEBUG:index.py:21 db_result: [(<model.article.Article object at 0x10b664f50>, '码农突围'), (<model.article.Article object at 0x10b665090>, '码农突围'), (<model.article.Article object at 0x10b5b3a80>, '流逝在指尖活在当下'), (<model.article.Article object at 0x10b5b3e10>, 'xpbob'), (<model.article.Article object at 0x10b6628d0>, '终端研发部'), (<model.article.Article object at 0x10b527f00>, '万猫学社'), (<model.article.Article object at 0x10b694050>, '万猫学社'), (<model.article.Article object at 0x10b642550>, '小奇JAVA'), (<model.article.Article object at 0x10b642650>, '求老仙'), (<model.article.Article object at 0x10b646e40>, '南瓜慢说')]
2026-03-09 17:32:38,098:ERROR:app.py:875 Exception on / [GET]
Traceback (most recent call last):
  File "/Users/uccs/Desktop/project/python/mumunote/.venv/lib/python3.13/site-packages/flask/app.py", line 1511, in wsgi_app
    response = self.full_dispatch_request()
  File "/Users/uccs/Desktop/project/python/mumunote/.venv/lib/python3.13/site-packages/flask/app.py", line 919, in full_dispatch_request
    rv = self.handle_user_exception(e)
  File "/Users/uccs/Desktop/project/python/mumunote/.venv/lib/python3.13/site-packages/flask/app.py", line 917, in full_dispatch_request
    rv = self.dispatch_request()
  File "/Users/uccs/Desktop/project/python/mumunote/.venv/lib/python3.13/site-packages/flask/app.py", line 902, in dispatch_request
    return self.ensure_sync(self.view_functions[rule.endpoint])(**view_args)  # type: ignore[no-any-return]
           ~~~~~~~~~~~~~~~~~~~~~~~~~~~~~~~~~~~~~~~~~~~~~~~~~~~~^^^^^^^^^^^^^
  File "/Users/uccs/Desktop/project/python/mumunote/controller/index.py", line 23, in home
    return render_template("index.html", result=db_result)
  File "/Users/uccs/Desktop/project/python/mumunote/.venv/lib/python3.13/site-packages/flask/templating.py", line 151, in render_template
    return _render(app, template, context)
  File "/Users/uccs/Desktop/project/python/mumunote/.venv/lib/python3.13/site-packages/flask/templating.py", line 132, in _render
    rv = template.render(context)
  File "/Users/uccs/Desktop/project/python/mumunote/.venv/lib/python3.13/site-packages/jinja2/environment.py", line 1295, in render
    self.environment.handle_exception()
    ~~~~~~~~~~~~~~~~~~~~~~~~~~~~~~~~~^^
  File "/Users/uccs/Desktop/project/python/mumunote/.venv/lib/python3.13/site-packages/jinja2/environment.py", line 942, in handle_exception
    raise rewrite_traceback_stack(source=source)
  File "/Users/uccs/Desktop/project/python/mumunote/template/index.html", line 1, in top-level template code
    {% extends 'public/header.html' %}
    ^^^^^^^^^^^^^^^^^^^^^^^^^
  File "/Users/uccs/Desktop/project/python/mumunote/template/public/header.html", line 135, in top-level template code
    {% block content %}
  File "/Users/uccs/Desktop/project/python/mumunote/template/index.html", line 8, in block 'content'
    <!-- {% for label_name,label_value in label_types.items() %}
    ^^^^^^^^^^^^^^^
  File "/Users/uccs/Desktop/project/python/mumunote/.venv/lib/python3.13/site-packages/jinja2/environment.py", line 490, in getattr
    return getattr(obj, attribute)
jinja2.exceptions.UndefinedError: 'label_types' is undefined
2026-03-09 17:32:38,104:INFO:_internal.py:97 127.0.0.1 - - [09/Mar/2026 17:32:38] "[35m[1mGET / HTTP/1.1[0m" 500 -
2026-03-09 17:32:38,180:INFO:_internal.py:97 127.0.0.1 - - [09/Mar/2026 17:32:38] "[33mGET /.well-known/appspecific/com.chrome.devtools.json HTTP/1.1[0m" 404 -
2026-03-09 17:32:39,243:INFO:_internal.py:97 127.0.0.1 - - [09/Mar/2026 17:32:39] "[33mGET /favicon.ico HTTP/1.1[0m" 404 -
2026-03-09 17:32:41,083:DEBUG:index.py:14 page: None, article_type: None
2026-03-09 17:32:41,105:INFO:base.py:2710 BEGIN (implicit)
2026-03-09 17:32:41,105:INFO:base.py:1846 SELECT article.id AS article_id, article.label_name AS article_label_name, article.article_image AS article_article_image, article.title AS article_title, article.article_content AS article_article_content, article.article_tag AS article_article_tag, article.user_id AS article_user_id, article.browse_num AS article_browse_num, article.drafted AS article_drafted, article.article_type AS article_article_type, article.create_time AS article_create_time, user.nickname AS user_nickname 
FROM article INNER JOIN user ON user.user_id = article.user_id 
WHERE article.drafted = %(drafted_1)s ORDER BY article.browse_num DESC 
 LIMIT %(param_1)s
2026-03-09 17:32:41,105:INFO:base.py:1846 [cached since 3.053s ago] {'drafted_1': 1, 'param_1': 10}
2026-03-09 17:32:41,167:DEBUG:index.py:21 db_result: [(<model.article.Article object at 0x10b683d90>, '码农突围'), (<model.article.Article object at 0x10b714130>, '码农突围'), (<model.article.Article object at 0x10b69d8b0>, '流逝在指尖活在当下'), (<model.article.Article object at 0x10b522d50>, 'xpbob'), (<model.article.Article object at 0x10b522ed0>, '终端研发部'), (<model.article.Article object at 0x10b5c2c50>, '万猫学社'), (<model.article.Article object at 0x10b5c2db0>, '万猫学社'), (<model.article.Article object at 0x10b5c2e60>, '小奇JAVA'), (<model.article.Article object at 0x10b5c2f10>, '求老仙'), (<model.article.Article object at 0x10b5c2fc0>, '南瓜慢说')]
2026-03-09 17:32:41,168:ERROR:app.py:875 Exception on / [GET]
Traceback (most recent call last):
  File "/Users/uccs/Desktop/project/python/mumunote/.venv/lib/python3.13/site-packages/flask/app.py", line 1511, in wsgi_app
    response = self.full_dispatch_request()
  File "/Users/uccs/Desktop/project/python/mumunote/.venv/lib/python3.13/site-packages/flask/app.py", line 919, in full_dispatch_request
    rv = self.handle_user_exception(e)
  File "/Users/uccs/Desktop/project/python/mumunote/.venv/lib/python3.13/site-packages/flask/app.py", line 917, in full_dispatch_request
    rv = self.dispatch_request()
  File "/Users/uccs/Desktop/project/python/mumunote/.venv/lib/python3.13/site-packages/flask/app.py", line 902, in dispatch_request
    return self.ensure_sync(self.view_functions[rule.endpoint])(**view_args)  # type: ignore[no-any-return]
           ~~~~~~~~~~~~~~~~~~~~~~~~~~~~~~~~~~~~~~~~~~~~~~~~~~~~^^^^^^^^^^^^^
  File "/Users/uccs/Desktop/project/python/mumunote/controller/index.py", line 23, in home
    return render_template("index.html", result=db_result)
  File "/Users/uccs/Desktop/project/python/mumunote/.venv/lib/python3.13/site-packages/flask/templating.py", line 151, in render_template
    return _render(app, template, context)
  File "/Users/uccs/Desktop/project/python/mumunote/.venv/lib/python3.13/site-packages/flask/templating.py", line 132, in _render
    rv = template.render(context)
  File "/Users/uccs/Desktop/project/python/mumunote/.venv/lib/python3.13/site-packages/jinja2/environment.py", line 1295, in render
    self.environment.handle_exception()
    ~~~~~~~~~~~~~~~~~~~~~~~~~~~~~~~~~^^
  File "/Users/uccs/Desktop/project/python/mumunote/.venv/lib/python3.13/site-packages/jinja2/environment.py", line 942, in handle_exception
    raise rewrite_traceback_stack(source=source)
  File "/Users/uccs/Desktop/project/python/mumunote/template/index.html", line 1, in top-level template code
    {% extends 'public/header.html' %}
    ^^^^^^^^^^^^^^^^^^^^^^^^^
  File "/Users/uccs/Desktop/project/python/mumunote/template/public/header.html", line 135, in top-level template code
    {% block content %}
  File "/Users/uccs/Desktop/project/python/mumunote/template/index.html", line 8, in block 'content'
    <!-- {% for label_name,label_value in label_types.items() %}
    ^^^^^^^^^^^^^^^
  File "/Users/uccs/Desktop/project/python/mumunote/.venv/lib/python3.13/site-packages/jinja2/environment.py", line 490, in getattr
    return getattr(obj, attribute)
jinja2.exceptions.UndefinedError: 'label_types' is undefined
2026-03-09 17:32:41,171:INFO:_internal.py:97 127.0.0.1 - - [09/Mar/2026 17:32:41] "[35m[1mGET / HTTP/1.1[0m" 500 -
2026-03-09 17:32:41,222:INFO:_internal.py:97 127.0.0.1 - - [09/Mar/2026 17:32:41] "[33mGET /.well-known/appspecific/com.chrome.devtools.json HTTP/1.1[0m" 404 -
2026-03-09 17:32:42,109:DEBUG:index.py:14 page: None, article_type: None
2026-03-09 17:32:42,129:INFO:base.py:2710 BEGIN (implicit)
2026-03-09 17:32:42,130:INFO:base.py:1846 SELECT article.id AS article_id, article.label_name AS article_label_name, article.article_image AS article_article_image, article.title AS article_title, article.article_content AS article_article_content, article.article_tag AS article_article_tag, article.user_id AS article_user_id, article.browse_num AS article_browse_num, article.drafted AS article_drafted, article.article_type AS article_article_type, article.create_time AS article_create_time, user.nickname AS user_nickname 
FROM article INNER JOIN user ON user.user_id = article.user_id 
WHERE article.drafted = %(drafted_1)s ORDER BY article.browse_num DESC 
 LIMIT %(param_1)s
2026-03-09 17:32:42,130:INFO:base.py:1846 [cached since 4.078s ago] {'drafted_1': 1, 'param_1': 10}
2026-03-09 17:32:42,174:DEBUG:index.py:21 db_result: [(<model.article.Article object at 0x10b5c36a0>, '码农突围'), (<model.article.Article object at 0x10b5c3750>, '码农突围'), (<model.article.Article object at 0x10b5c3800>, '流逝在指尖活在当下'), (<model.article.Article object at 0x10b5c38b0>, 'xpbob'), (<model.article.Article object at 0x10b5c3960>, '终端研发部'), (<model.article.Article object at 0x10b5c3a10>, '万猫学社'), (<model.article.Article object at 0x10b5c3ac0>, '万猫学社'), (<model.article.Article object at 0x10b5c3b70>, '小奇JAVA'), (<model.article.Article object at 0x10b5c3c20>, '求老仙'), (<model.article.Article object at 0x10b5c3cd0>, '南瓜慢说')]
2026-03-09 17:32:42,174:ERROR:app.py:875 Exception on / [GET]
Traceback (most recent call last):
  File "/Users/uccs/Desktop/project/python/mumunote/.venv/lib/python3.13/site-packages/flask/app.py", line 1511, in wsgi_app
    response = self.full_dispatch_request()
  File "/Users/uccs/Desktop/project/python/mumunote/.venv/lib/python3.13/site-packages/flask/app.py", line 919, in full_dispatch_request
    rv = self.handle_user_exception(e)
  File "/Users/uccs/Desktop/project/python/mumunote/.venv/lib/python3.13/site-packages/flask/app.py", line 917, in full_dispatch_request
    rv = self.dispatch_request()
  File "/Users/uccs/Desktop/project/python/mumunote/.venv/lib/python3.13/site-packages/flask/app.py", line 902, in dispatch_request
    return self.ensure_sync(self.view_functions[rule.endpoint])(**view_args)  # type: ignore[no-any-return]
           ~~~~~~~~~~~~~~~~~~~~~~~~~~~~~~~~~~~~~~~~~~~~~~~~~~~~^^^^^^^^^^^^^
  File "/Users/uccs/Desktop/project/python/mumunote/controller/index.py", line 23, in home
    return render_template("index.html", result=db_result)
  File "/Users/uccs/Desktop/project/python/mumunote/.venv/lib/python3.13/site-packages/flask/templating.py", line 151, in render_template
    return _render(app, template, context)
  File "/Users/uccs/Desktop/project/python/mumunote/.venv/lib/python3.13/site-packages/flask/templating.py", line 132, in _render
    rv = template.render(context)
  File "/Users/uccs/Desktop/project/python/mumunote/.venv/lib/python3.13/site-packages/jinja2/environment.py", line 1295, in render
    self.environment.handle_exception()
    ~~~~~~~~~~~~~~~~~~~~~~~~~~~~~~~~~^^
  File "/Users/uccs/Desktop/project/python/mumunote/.venv/lib/python3.13/site-packages/jinja2/environment.py", line 942, in handle_exception
    raise rewrite_traceback_stack(source=source)
  File "/Users/uccs/Desktop/project/python/mumunote/template/index.html", line 1, in top-level template code
    {% extends 'public/header.html' %}
    ^^^^^^^^^^^^^^^^^^^^^^^^^
  File "/Users/uccs/Desktop/project/python/mumunote/template/public/header.html", line 135, in top-level template code
    {% block content %}
  File "/Users/uccs/Desktop/project/python/mumunote/template/index.html", line 8, in block 'content'
    <!-- {% for label_name,label_value in label_types.items() %}
    ^^^^^^^^^^^^^^^
  File "/Users/uccs/Desktop/project/python/mumunote/.venv/lib/python3.13/site-packages/jinja2/environment.py", line 490, in getattr
    return getattr(obj, attribute)
jinja2.exceptions.UndefinedError: 'label_types' is undefined
2026-03-09 17:32:42,180:INFO:_internal.py:97 127.0.0.1 - - [09/Mar/2026 17:32:42] "[35m[1mGET / HTTP/1.1[0m" 500 -
2026-03-09 17:32:42,246:INFO:_internal.py:97 127.0.0.1 - - [09/Mar/2026 17:32:42] "[33mGET /.well-known/appspecific/com.chrome.devtools.json HTTP/1.1[0m" 404 -
2026-03-09 17:32:42,686:DEBUG:index.py:14 page: None, article_type: None
2026-03-09 17:32:42,688:INFO:base.py:2710 BEGIN (implicit)
2026-03-09 17:32:42,688:INFO:base.py:1846 SELECT article.id AS article_id, article.label_name AS article_label_name, article.article_image AS article_article_image, article.title AS article_title, article.article_content AS article_article_content, article.article_tag AS article_article_tag, article.user_id AS article_user_id, article.browse_num AS article_browse_num, article.drafted AS article_drafted, article.article_type AS article_article_type, article.create_time AS article_create_time, user.nickname AS user_nickname 
FROM article INNER JOIN user ON user.user_id = article.user_id 
WHERE article.drafted = %(drafted_1)s ORDER BY article.browse_num DESC 
 LIMIT %(param_1)s
2026-03-09 17:32:42,690:INFO:base.py:1846 [cached since 4.637s ago] {'drafted_1': 1, 'param_1': 10}
2026-03-09 17:32:42,718:DEBUG:index.py:21 db_result: [(<model.article.Article object at 0x10b5c2e60>, '码农突围'), (<model.article.Article object at 0x10b5c2d00>, '码农突围'), (<model.article.Article object at 0x10b5c2a40>, '流逝在指尖活在当下'), (<model.article.Article object at 0x10b5c2990>, 'xpbob'), (<model.article.Article object at 0x10b5c28e0>, '终端研发部'), (<model.article.Article object at 0x10b5c2410>, '万猫学社'), (<model.article.Article object at 0x10b5c1f40>, '万猫学社'), (<model.article.Article object at 0x10b5c2830>, '小奇JAVA'), (<model.article.Article object at 0x10b5c20a0>, '求老仙'), (<model.article.Article object at 0x10b5c1e90>, '南瓜慢说')]
2026-03-09 17:32:42,720:ERROR:app.py:875 Exception on / [GET]
Traceback (most recent call last):
  File "/Users/uccs/Desktop/project/python/mumunote/.venv/lib/python3.13/site-packages/flask/app.py", line 1511, in wsgi_app
    response = self.full_dispatch_request()
  File "/Users/uccs/Desktop/project/python/mumunote/.venv/lib/python3.13/site-packages/flask/app.py", line 919, in full_dispatch_request
    rv = self.handle_user_exception(e)
  File "/Users/uccs/Desktop/project/python/mumunote/.venv/lib/python3.13/site-packages/flask/app.py", line 917, in full_dispatch_request
    rv = self.dispatch_request()
  File "/Users/uccs/Desktop/project/python/mumunote/.venv/lib/python3.13/site-packages/flask/app.py", line 902, in dispatch_request
    return self.ensure_sync(self.view_functions[rule.endpoint])(**view_args)  # type: ignore[no-any-return]
           ~~~~~~~~~~~~~~~~~~~~~~~~~~~~~~~~~~~~~~~~~~~~~~~~~~~~^^^^^^^^^^^^^
  File "/Users/uccs/Desktop/project/python/mumunote/controller/index.py", line 23, in home
    return render_template("index.html", result=db_result)
  File "/Users/uccs/Desktop/project/python/mumunote/.venv/lib/python3.13/site-packages/flask/templating.py", line 151, in render_template
    return _render(app, template, context)
  File "/Users/uccs/Desktop/project/python/mumunote/.venv/lib/python3.13/site-packages/flask/templating.py", line 132, in _render
    rv = template.render(context)
  File "/Users/uccs/Desktop/project/python/mumunote/.venv/lib/python3.13/site-packages/jinja2/environment.py", line 1295, in render
    self.environment.handle_exception()
    ~~~~~~~~~~~~~~~~~~~~~~~~~~~~~~~~~^^
  File "/Users/uccs/Desktop/project/python/mumunote/.venv/lib/python3.13/site-packages/jinja2/environment.py", line 942, in handle_exception
    raise rewrite_traceback_stack(source=source)
  File "/Users/uccs/Desktop/project/python/mumunote/template/index.html", line 1, in top-level template code
    {% extends 'public/header.html' %}
    ^^^^^^^^^^^^^^^^^^^^^^^^^
  File "/Users/uccs/Desktop/project/python/mumunote/template/public/header.html", line 135, in top-level template code
    {% block content %}
  File "/Users/uccs/Desktop/project/python/mumunote/template/index.html", line 8, in block 'content'
    <!-- {% for label_name,label_value in label_types.items() %}
    ^^^^^^^^^^^^^^^
  File "/Users/uccs/Desktop/project/python/mumunote/.venv/lib/python3.13/site-packages/jinja2/environment.py", line 490, in getattr
    return getattr(obj, attribute)
jinja2.exceptions.UndefinedError: 'label_types' is undefined
2026-03-09 17:32:42,724:INFO:_internal.py:97 127.0.0.1 - - [09/Mar/2026 17:32:42] "[35m[1mGET / HTTP/1.1[0m" 500 -
2026-03-09 17:32:43,054:INFO:_internal.py:97 127.0.0.1 - - [09/Mar/2026 17:32:43] "[33mGET /.well-known/appspecific/com.chrome.devtools.json HTTP/1.1[0m" 404 -
2026-03-09 17:32:43,257:DEBUG:index.py:14 page: None, article_type: None
2026-03-09 17:32:43,275:INFO:base.py:2710 BEGIN (implicit)
2026-03-09 17:32:43,276:INFO:base.py:1846 SELECT article.id AS article_id, article.label_name AS article_label_name, article.article_image AS article_article_image, article.title AS article_title, article.article_content AS article_article_content, article.article_tag AS article_article_tag, article.user_id AS article_user_id, article.browse_num AS article_browse_num, article.drafted AS article_drafted, article.article_type AS article_article_type, article.create_time AS article_create_time, user.nickname AS user_nickname 
FROM article INNER JOIN user ON user.user_id = article.user_id 
WHERE article.drafted = %(drafted_1)s ORDER BY article.browse_num DESC 
 LIMIT %(param_1)s
2026-03-09 17:32:43,276:INFO:base.py:1846 [cached since 5.224s ago] {'drafted_1': 1, 'param_1': 10}
2026-03-09 17:32:43,304:DEBUG:index.py:21 db_result: [(<model.article.Article object at 0x10b730310>, '码农突围'), (<model.article.Article object at 0x10b7303c0>, '码农突围'), (<model.article.Article object at 0x10b730470>, '流逝在指尖活在当下'), (<model.article.Article object at 0x10b730520>, 'xpbob'), (<model.article.Article object at 0x10b7305d0>, '终端研发部'), (<model.article.Article object at 0x10b730680>, '万猫学社'), (<model.article.Article object at 0x10b730730>, '万猫学社'), (<model.article.Article object at 0x10b7307e0>, '小奇JAVA'), (<model.article.Article object at 0x10b730890>, '求老仙'), (<model.article.Article object at 0x10b730940>, '南瓜慢说')]
2026-03-09 17:32:43,305:ERROR:app.py:875 Exception on / [GET]
Traceback (most recent call last):
  File "/Users/uccs/Desktop/project/python/mumunote/.venv/lib/python3.13/site-packages/flask/app.py", line 1511, in wsgi_app
    response = self.full_dispatch_request()
  File "/Users/uccs/Desktop/project/python/mumunote/.venv/lib/python3.13/site-packages/flask/app.py", line 919, in full_dispatch_request
    rv = self.handle_user_exception(e)
  File "/Users/uccs/Desktop/project/python/mumunote/.venv/lib/python3.13/site-packages/flask/app.py", line 917, in full_dispatch_request
    rv = self.dispatch_request()
  File "/Users/uccs/Desktop/project/python/mumunote/.venv/lib/python3.13/site-packages/flask/app.py", line 902, in dispatch_request
    return self.ensure_sync(self.view_functions[rule.endpoint])(**view_args)  # type: ignore[no-any-return]
           ~~~~~~~~~~~~~~~~~~~~~~~~~~~~~~~~~~~~~~~~~~~~~~~~~~~~^^^^^^^^^^^^^
  File "/Users/uccs/Desktop/project/python/mumunote/controller/index.py", line 23, in home
    return render_template("index.html", result=db_result)
  File "/Users/uccs/Desktop/project/python/mumunote/.venv/lib/python3.13/site-packages/flask/templating.py", line 151, in render_template
    return _render(app, template, context)
  File "/Users/uccs/Desktop/project/python/mumunote/.venv/lib/python3.13/site-packages/flask/templating.py", line 132, in _render
    rv = template.render(context)
  File "/Users/uccs/Desktop/project/python/mumunote/.venv/lib/python3.13/site-packages/jinja2/environment.py", line 1295, in render
    self.environment.handle_exception()
    ~~~~~~~~~~~~~~~~~~~~~~~~~~~~~~~~~^^
  File "/Users/uccs/Desktop/project/python/mumunote/.venv/lib/python3.13/site-packages/jinja2/environment.py", line 942, in handle_exception
    raise rewrite_traceback_stack(source=source)
  File "/Users/uccs/Desktop/project/python/mumunote/template/index.html", line 1, in top-level template code
    {% extends 'public/header.html' %}
    ^^^^^^^^^^^^^^^^^^^^^^^^^
  File "/Users/uccs/Desktop/project/python/mumunote/template/public/header.html", line 135, in top-level template code
    {% block content %}
  File "/Users/uccs/Desktop/project/python/mumunote/template/index.html", line 8, in block 'content'
    <!-- {% for label_name,label_value in label_types.items() %}
    ^^^^^^^^^^^^^^^
  File "/Users/uccs/Desktop/project/python/mumunote/.venv/lib/python3.13/site-packages/jinja2/environment.py", line 490, in getattr
    return getattr(obj, attribute)
jinja2.exceptions.UndefinedError: 'label_types' is undefined
2026-03-09 17:32:43,307:INFO:_internal.py:97 127.0.0.1 - - [09/Mar/2026 17:32:43] "[35m[1mGET / HTTP/1.1[0m" 500 -
2026-03-09 17:32:43,612:INFO:_internal.py:97 127.0.0.1 - - [09/Mar/2026 17:32:43] "[33mGET /.well-known/appspecific/com.chrome.devtools.json HTTP/1.1[0m" 404 -
2026-03-09 17:33:04,392:DEBUG:index.py:14 page: None, article_type: None
2026-03-09 17:33:04,417:INFO:base.py:2710 BEGIN (implicit)
2026-03-09 17:33:04,418:INFO:base.py:1846 SELECT article.id AS article_id, article.label_name AS article_label_name, article.article_image AS article_article_image, article.title AS article_title, article.article_content AS article_article_content, article.article_tag AS article_article_tag, article.user_id AS article_user_id, article.browse_num AS article_browse_num, article.drafted AS article_drafted, article.article_type AS article_article_type, article.create_time AS article_create_time, user.nickname AS user_nickname 
FROM article INNER JOIN user ON user.user_id = article.user_id 
WHERE article.drafted = %(drafted_1)s ORDER BY article.browse_num DESC 
 LIMIT %(param_1)s
2026-03-09 17:33:04,419:INFO:base.py:1846 [cached since 26.37s ago] {'drafted_1': 1, 'param_1': 10}
2026-03-09 17:33:04,466:DEBUG:index.py:21 db_result: [(<model.article.Article object at 0x10b731020>, '码农突围'), (<model.article.Article object at 0x10b7310d0>, '码农突围'), (<model.article.Article object at 0x10b731180>, '流逝在指尖活在当下'), (<model.article.Article object at 0x10b731230>, 'xpbob'), (<model.article.Article object at 0x10b7312e0>, '终端研发部'), (<model.article.Article object at 0x10b731390>, '万猫学社'), (<model.article.Article object at 0x10b731440>, '万猫学社'), (<model.article.Article object at 0x10b7314f0>, '小奇JAVA'), (<model.article.Article object at 0x10b7315a0>, '求老仙'), (<model.article.Article object at 0x10b731650>, '南瓜慢说')]
2026-03-09 17:33:04,467:ERROR:app.py:875 Exception on / [GET]
Traceback (most recent call last):
  File "/Users/uccs/Desktop/project/python/mumunote/.venv/lib/python3.13/site-packages/flask/app.py", line 1511, in wsgi_app
    response = self.full_dispatch_request()
  File "/Users/uccs/Desktop/project/python/mumunote/.venv/lib/python3.13/site-packages/flask/app.py", line 919, in full_dispatch_request
    rv = self.handle_user_exception(e)
  File "/Users/uccs/Desktop/project/python/mumunote/.venv/lib/python3.13/site-packages/flask/app.py", line 917, in full_dispatch_request
    rv = self.dispatch_request()
  File "/Users/uccs/Desktop/project/python/mumunote/.venv/lib/python3.13/site-packages/flask/app.py", line 902, in dispatch_request
    return self.ensure_sync(self.view_functions[rule.endpoint])(**view_args)  # type: ignore[no-any-return]
           ~~~~~~~~~~~~~~~~~~~~~~~~~~~~~~~~~~~~~~~~~~~~~~~~~~~~^^^^^^^^^^^^^
  File "/Users/uccs/Desktop/project/python/mumunote/controller/index.py", line 23, in home
    return render_template("index.html", result=db_result)
  File "/Users/uccs/Desktop/project/python/mumunote/.venv/lib/python3.13/site-packages/flask/templating.py", line 151, in render_template
    return _render(app, template, context)
  File "/Users/uccs/Desktop/project/python/mumunote/.venv/lib/python3.13/site-packages/flask/templating.py", line 132, in _render
    rv = template.render(context)
  File "/Users/uccs/Desktop/project/python/mumunote/.venv/lib/python3.13/site-packages/jinja2/environment.py", line 1295, in render
    self.environment.handle_exception()
    ~~~~~~~~~~~~~~~~~~~~~~~~~~~~~~~~~^^
  File "/Users/uccs/Desktop/project/python/mumunote/.venv/lib/python3.13/site-packages/jinja2/environment.py", line 942, in handle_exception
    raise rewrite_traceback_stack(source=source)
  File "/Users/uccs/Desktop/project/python/mumunote/template/index.html", line 1, in top-level template code
    {% extends 'public/header.html' %}
    ^^^^^^^^^^^^^^^^^^^^^^^^^
  File "/Users/uccs/Desktop/project/python/mumunote/template/public/header.html", line 135, in top-level template code
    {% block content %}
  File "/Users/uccs/Desktop/project/python/mumunote/template/index.html", line 8, in block 'content'
    <!-- {% for label_name,label_value in label_types.items() %}
    ^^^^^^^^^^^^^^^
  File "/Users/uccs/Desktop/project/python/mumunote/.venv/lib/python3.13/site-packages/jinja2/environment.py", line 490, in getattr
    return getattr(obj, attribute)
jinja2.exceptions.UndefinedError: 'label_types' is undefined
2026-03-09 17:33:04,469:INFO:_internal.py:97 127.0.0.1 - - [09/Mar/2026 17:33:04] "[35m[1mGET / HTTP/1.1[0m" 500 -
2026-03-09 17:33:04,603:INFO:_internal.py:97 127.0.0.1 - - [09/Mar/2026 17:33:04] "[33mGET /.well-known/appspecific/com.chrome.devtools.json HTTP/1.1[0m" 404 -
2026-03-09 17:33:32,575:INFO:base.py:1846 SELECT DATABASE()
2026-03-09 17:33:32,575:INFO:base.py:1846 [raw sql] {}
2026-03-09 17:33:32,578:INFO:base.py:1846 SELECT @@sql_mode
2026-03-09 17:33:32,578:INFO:base.py:1846 [raw sql] {}
2026-03-09 17:33:32,580:INFO:base.py:1846 SELECT @@lower_case_table_names
2026-03-09 17:33:32,581:INFO:base.py:1846 [raw sql] {}
2026-03-09 17:33:32,602:INFO:base.py:2710 BEGIN (implicit)
2026-03-09 17:33:32,602:INFO:base.py:1846 SHOW CREATE TABLE `user`
2026-03-09 17:33:32,602:INFO:base.py:1846 [raw sql] {}
2026-03-09 17:33:32,607:INFO:base.py:2713 ROLLBACK
2026-03-09 17:33:32,637:INFO:base.py:1846 SELECT DATABASE()
2026-03-09 17:33:32,637:INFO:base.py:1846 [raw sql] {}
2026-03-09 17:33:32,642:INFO:base.py:1846 SELECT @@sql_mode
2026-03-09 17:33:32,643:INFO:base.py:1846 [raw sql] {}
2026-03-09 17:33:32,646:INFO:base.py:1846 SELECT @@lower_case_table_names
2026-03-09 17:33:32,646:INFO:base.py:1846 [raw sql] {}
2026-03-09 17:33:32,688:INFO:base.py:2710 BEGIN (implicit)
2026-03-09 17:33:32,689:INFO:base.py:1846 SHOW CREATE TABLE `article`
2026-03-09 17:33:32,690:INFO:base.py:1846 [raw sql] {}
2026-03-09 17:33:32,731:INFO:base.py:2713 ROLLBACK
2026-03-09 17:33:32,755:INFO:_internal.py:97 [31m[1mWARNING: This is a development server. Do not use it in a production deployment. Use a production WSGI server instead.[0m
 * Running on http://127.0.0.1:5001
2026-03-09 17:33:32,755:INFO:_internal.py:97 [33mPress CTRL+C to quit[0m
2026-03-09 17:33:32,925:DEBUG:index.py:14 page: None, article_type: None
2026-03-09 17:33:32,933:INFO:base.py:2710 BEGIN (implicit)
2026-03-09 17:33:32,948:INFO:base.py:1846 SELECT article.id AS article_id, article.label_name AS article_label_name, article.article_image AS article_article_image, article.title AS article_title, article.article_content AS article_article_content, article.article_tag AS article_article_tag, article.user_id AS article_user_id, article.browse_num AS article_browse_num, article.drafted AS article_drafted, article.article_type AS article_article_type, article.create_time AS article_create_time, user.nickname AS user_nickname 
FROM article INNER JOIN user ON user.user_id = article.user_id 
WHERE article.drafted = %(drafted_1)s ORDER BY article.browse_num DESC 
 LIMIT %(param_1)s
2026-03-09 17:33:32,949:INFO:base.py:1846 [generated in 0.00063s] {'drafted_1': 1, 'param_1': 10}
2026-03-09 17:33:33,014:DEBUG:index.py:21 db_result: [(<model.article.Article object at 0x1087f8f50>, '码农突围'), (<model.article.Article object at 0x1087f9090>, '码农突围'), (<model.article.Article object at 0x108747a80>, '流逝在指尖活在当下'), (<model.article.Article object at 0x108747e10>, 'xpbob'), (<model.article.Article object at 0x1087f68d0>, '终端研发部'), (<model.article.Article object at 0x1086bff00>, '万猫学社'), (<model.article.Article object at 0x108828050>, '万猫学社'), (<model.article.Article object at 0x1087d6550>, '小奇JAVA'), (<model.article.Article object at 0x1087d6650>, '求老仙'), (<model.article.Article object at 0x1087dae40>, '南瓜慢说')]
2026-03-09 17:33:33,080:INFO:_internal.py:97 127.0.0.1 - - [09/Mar/2026 17:33:33] "GET / HTTP/1.1" 200 -
2026-03-09 17:33:33,186:INFO:_internal.py:97 127.0.0.1 - - [09/Mar/2026 17:33:33] "[33mGET /.well-known/appspecific/com.chrome.devtools.json HTTP/1.1[0m" 404 -
2026-03-09 17:33:33,240:INFO:_internal.py:97 127.0.0.1 - - [09/Mar/2026 17:33:33] "GET /css/base.css HTTP/1.1" 200 -
2026-03-09 17:33:33,244:INFO:_internal.py:97 127.0.0.1 - - [09/Mar/2026 17:33:33] "GET /plugins/bootstrap/css/bootstrap.min.css HTTP/1.1" 200 -
2026-03-09 17:33:33,250:INFO:_internal.py:97 127.0.0.1 - - [09/Mar/2026 17:33:33] "GET /js/header.js HTTP/1.1" 200 -
2026-03-09 17:33:33,251:INFO:_internal.py:97 127.0.0.1 - - [09/Mar/2026 17:33:33] "GET /css/index.css HTTP/1.1" 200 -
2026-03-09 17:33:33,259:INFO:_internal.py:97 127.0.0.1 - - [09/Mar/2026 17:33:33] "GET /css/login.css HTTP/1.1" 200 -
2026-03-09 17:33:33,264:INFO:_internal.py:97 127.0.0.1 - - [09/Mar/2026 17:33:33] "GET /js/axios.min.js HTTP/1.1" 200 -
2026-03-09 17:33:33,268:INFO:_internal.py:97 127.0.0.1 - - [09/Mar/2026 17:33:33] "GET /plugins/bootstrap/js/bootstrap.min.js HTTP/1.1" 200 -
2026-03-09 17:33:33,271:INFO:_internal.py:97 127.0.0.1 - - [09/Mar/2026 17:33:33] "[33mGET /images/new.png HTTP/1.1[0m" 404 -
2026-03-09 17:33:33,298:INFO:_internal.py:97 127.0.0.1 - - [09/Mar/2026 17:33:33] "[33mGET /vcode HTTP/1.1[0m" 404 -
2026-03-09 17:33:33,327:INFO:_internal.py:97 127.0.0.1 - - [09/Mar/2026 17:33:33] "GET /images/article-logo.png HTTP/1.1" 200 -
2026-03-09 17:33:33,329:INFO:_internal.py:97 127.0.0.1 - - [09/Mar/2026 17:33:33] "GET /images/article-desc.png HTTP/1.1" 200 -
2026-03-09 17:33:33,357:INFO:_internal.py:97 127.0.0.1 - - [09/Mar/2026 17:33:33] "GET /js/sub-header.js HTTP/1.1" 200 -
2026-03-09 17:33:33,357:INFO:_internal.py:97 127.0.0.1 - - [09/Mar/2026 17:33:33] "GET /js/index.js HTTP/1.1" 200 -
2026-03-09 17:33:33,359:INFO:_internal.py:97 127.0.0.1 - - [09/Mar/2026 17:33:33] "GET /plugins/bootstrap/css/bootstrap.min.css.map HTTP/1.1" 200 -
2026-03-09 17:33:33,413:INFO:_internal.py:97 127.0.0.1 - - [09/Mar/2026 17:33:33] "[33mGET /310.jpg HTTP/1.1[0m" 404 -
2026-03-09 17:33:33,415:INFO:_internal.py:97 127.0.0.1 - - [09/Mar/2026 17:33:33] "[33mGET /321.jpg HTTP/1.1[0m" 404 -
2026-03-09 17:33:33,416:INFO:_internal.py:97 127.0.0.1 - - [09/Mar/2026 17:33:33] "[33mGET /322.jpg HTTP/1.1[0m" 404 -
2026-03-09 17:33:33,417:INFO:_internal.py:97 127.0.0.1 - - [09/Mar/2026 17:33:33] "[33mGET /320.jpg HTTP/1.1[0m" 404 -
2026-03-09 17:33:33,418:INFO:_internal.py:97 127.0.0.1 - - [09/Mar/2026 17:33:33] "[33mGET /325.jpg HTTP/1.1[0m" 404 -
2026-03-09 17:33:33,419:INFO:_internal.py:97 127.0.0.1 - - [09/Mar/2026 17:33:33] "[33mGET /252.jpg HTTP/1.1[0m" 404 -
2026-03-09 17:33:33,425:INFO:_internal.py:97 127.0.0.1 - - [09/Mar/2026 17:33:33] "[33mGET /font/iconfont.woff2?t=1683105399944 HTTP/1.1[0m" 404 -
2026-03-09 17:33:33,432:INFO:_internal.py:97 127.0.0.1 - - [09/Mar/2026 17:33:33] "[33mGET /319.jpg HTTP/1.1[0m" 404 -
2026-03-09 17:33:33,445:INFO:_internal.py:97 127.0.0.1 - - [09/Mar/2026 17:33:33] "[33mGET /318.jpg HTTP/1.1[0m" 404 -
2026-03-09 17:33:33,446:INFO:_internal.py:97 127.0.0.1 - - [09/Mar/2026 17:33:33] "[33mGET /328.jpg HTTP/1.1[0m" 404 -
2026-03-09 17:33:33,448:INFO:_internal.py:97 127.0.0.1 - - [09/Mar/2026 17:33:33] "[33mGET /images/new.png HTTP/1.1[0m" 404 -
2026-03-09 17:33:33,452:INFO:_internal.py:97 127.0.0.1 - - [09/Mar/2026 17:33:33] "[33mGET /329.jpg HTTP/1.1[0m" 404 -
2026-03-09 17:33:33,519:INFO:_internal.py:97 127.0.0.1 - - [09/Mar/2026 17:33:33] "[33mGET /font/iconfont.woff?t=1683105399944 HTTP/1.1[0m" 404 -
2026-03-09 17:33:33,576:INFO:_internal.py:97 127.0.0.1 - - [09/Mar/2026 17:33:33] "GET /font/iconfont.ttf?t=1683105399944 HTTP/1.1" 200 -
2026-03-09 17:54:29,474:INFO:base.py:1846 SELECT DATABASE()
2026-03-09 17:54:29,475:INFO:base.py:1846 [raw sql] {}
2026-03-09 17:54:29,478:INFO:base.py:1846 SELECT @@sql_mode
2026-03-09 17:54:29,478:INFO:base.py:1846 [raw sql] {}
2026-03-09 17:54:29,480:INFO:base.py:1846 SELECT @@lower_case_table_names
2026-03-09 17:54:29,480:INFO:base.py:1846 [raw sql] {}
2026-03-09 17:54:29,502:INFO:base.py:2710 BEGIN (implicit)
2026-03-09 17:54:29,503:INFO:base.py:1846 SHOW CREATE TABLE `user`
2026-03-09 17:54:29,503:INFO:base.py:1846 [raw sql] {}
2026-03-09 17:54:29,513:INFO:base.py:2713 ROLLBACK
2026-03-09 17:54:29,546:INFO:base.py:1846 SELECT DATABASE()
2026-03-09 17:54:29,546:INFO:base.py:1846 [raw sql] {}
2026-03-09 17:54:29,551:INFO:base.py:1846 SELECT @@sql_mode
2026-03-09 17:54:29,551:INFO:base.py:1846 [raw sql] {}
2026-03-09 17:54:29,554:INFO:base.py:1846 SELECT @@lower_case_table_names
2026-03-09 17:54:29,555:INFO:base.py:1846 [raw sql] {}
2026-03-09 17:54:29,562:INFO:base.py:2710 BEGIN (implicit)
2026-03-09 17:54:29,563:INFO:base.py:1846 SHOW CREATE TABLE `article`
2026-03-09 17:54:29,563:INFO:base.py:1846 [raw sql] {}
2026-03-09 17:54:29,570:INFO:base.py:2713 ROLLBACK
2026-03-09 17:54:29,621:INFO:_internal.py:97 [31m[1mWARNING: This is a development server. Do not use it in a production deployment. Use a production WSGI server instead.[0m
 * Running on http://127.0.0.1:5001
2026-03-09 17:54:29,621:INFO:_internal.py:97 [33mPress CTRL+C to quit[0m
2026-03-09 17:54:38,978:DEBUG:index.py:24 page: None, article_type: None
2026-03-09 17:54:38,985:INFO:base.py:2710 BEGIN (implicit)
2026-03-09 17:54:39,000:INFO:base.py:1846 SELECT article.id AS article_id, article.label_name AS article_label_name, article.article_image AS article_article_image, article.title AS article_title, article.article_content AS article_article_content, article.article_tag AS article_article_tag, article.user_id AS article_user_id, article.browse_num AS article_browse_num, article.drafted AS article_drafted, article.article_type AS article_article_type, article.create_time AS article_create_time, user.nickname AS user_nickname 
FROM article INNER JOIN user ON user.user_id = article.user_id 
WHERE article.drafted = %(drafted_1)s ORDER BY article.browse_num DESC 
 LIMIT %(param_1)s
2026-03-09 17:54:39,002:INFO:base.py:1846 [generated in 0.00252s] {'drafted_1': 1, 'param_1': 10}
2026-03-09 17:54:39,093:DEBUG:index.py:31 db_result: [(<model.article.Article object at 0x10e4c0f50>, '码农突围'), (<model.article.Article object at 0x10e4c1090>, '码农突围'), (<model.article.Article object at 0x10e40fa80>, '流逝在指尖活在当下'), (<model.article.Article object at 0x10e40fe10>, 'xpbob'), (<model.article.Article object at 0x10e4ba8d0>, '终端研发部'), (<model.article.Article object at 0x10e383f00>, '万猫学社'), (<model.article.Article object at 0x10e4f4050>, '万猫学社'), (<model.article.Article object at 0x10e49e550>, '小奇JAVA'), (<model.article.Article object at 0x10e49e650>, '求老仙'), (<model.article.Article object at 0x10e4a2f30>, '南瓜慢说')]
2026-03-09 17:54:39,094:ERROR:app.py:875 Exception on / [GET]
Traceback (most recent call last):
  File "/Users/uccs/Desktop/project/python/mumunote/.venv/lib/python3.13/site-packages/flask/app.py", line 1511, in wsgi_app
    response = self.full_dispatch_request()
  File "/Users/uccs/Desktop/project/python/mumunote/.venv/lib/python3.13/site-packages/flask/app.py", line 919, in full_dispatch_request
    rv = self.handle_user_exception(e)
  File "/Users/uccs/Desktop/project/python/mumunote/.venv/lib/python3.13/site-packages/flask/app.py", line 917, in full_dispatch_request
    rv = self.dispatch_request()
  File "/Users/uccs/Desktop/project/python/mumunote/.venv/lib/python3.13/site-packages/flask/app.py", line 902, in dispatch_request
    return self.ensure_sync(self.view_functions[rule.endpoint])(**view_args)  # type: ignore[no-any-return]
           ~~~~~~~~~~~~~~~~~~~~~~~~~~~~~~~~~~~~~~~~~~~~~~~~~~~~^^^^^^^^^^^^^
  File "/Users/uccs/Desktop/project/python/mumunote/controller/index.py", line 39, in home
    str(article.created_time.month) + "." + str(article.created_time.day)
        ^^^^^^^^^^^^^^^^^^^^
AttributeError: 'Article' object has no attribute 'created_time'. Did you mean: 'create_time'?
2026-03-09 17:54:39,098:INFO:_internal.py:97 127.0.0.1 - - [09/Mar/2026 17:54:39] "[35m[1mGET / HTTP/1.1[0m" 500 -
2026-03-09 17:54:39,952:INFO:_internal.py:97 127.0.0.1 - - [09/Mar/2026 17:54:39] "[33mGET /favicon.ico HTTP/1.1[0m" 404 -
2026-03-09 17:55:06,922:INFO:base.py:1846 SELECT DATABASE()
2026-03-09 17:55:06,922:INFO:base.py:1846 [raw sql] {}
2026-03-09 17:55:06,926:INFO:base.py:1846 SELECT @@sql_mode
2026-03-09 17:55:06,926:INFO:base.py:1846 [raw sql] {}
2026-03-09 17:55:06,928:INFO:base.py:1846 SELECT @@lower_case_table_names
2026-03-09 17:55:06,928:INFO:base.py:1846 [raw sql] {}
2026-03-09 17:55:06,959:INFO:base.py:2710 BEGIN (implicit)
2026-03-09 17:55:06,959:INFO:base.py:1846 SHOW CREATE TABLE `user`
2026-03-09 17:55:06,959:INFO:base.py:1846 [raw sql] {}
2026-03-09 17:55:06,965:INFO:base.py:2713 ROLLBACK
2026-03-09 17:55:06,998:INFO:base.py:1846 SELECT DATABASE()
2026-03-09 17:55:06,998:INFO:base.py:1846 [raw sql] {}
2026-03-09 17:55:07,004:INFO:base.py:1846 SELECT @@sql_mode
2026-03-09 17:55:07,005:INFO:base.py:1846 [raw sql] {}
2026-03-09 17:55:07,008:INFO:base.py:1846 SELECT @@lower_case_table_names
2026-03-09 17:55:07,008:INFO:base.py:1846 [raw sql] {}
2026-03-09 17:55:07,015:INFO:base.py:2710 BEGIN (implicit)
2026-03-09 17:55:07,016:INFO:base.py:1846 SHOW CREATE TABLE `article`
2026-03-09 17:55:07,016:INFO:base.py:1846 [raw sql] {}
2026-03-09 17:55:07,030:INFO:base.py:2713 ROLLBACK
2026-03-09 17:55:07,058:INFO:_internal.py:97 [31m[1mWARNING: This is a development server. Do not use it in a production deployment. Use a production WSGI server instead.[0m
 * Running on http://127.0.0.1:5001
2026-03-09 17:55:07,058:INFO:_internal.py:97 [33mPress CTRL+C to quit[0m
2026-03-09 17:55:07,992:DEBUG:index.py:24 page: None, article_type: None
2026-03-09 17:55:07,999:INFO:base.py:2710 BEGIN (implicit)
2026-03-09 17:55:08,015:INFO:base.py:1846 SELECT article.id AS article_id, article.label_name AS article_label_name, article.article_image AS article_article_image, article.title AS article_title, article.article_content AS article_article_content, article.article_tag AS article_article_tag, article.user_id AS article_user_id, article.browse_num AS article_browse_num, article.drafted AS article_drafted, article.article_type AS article_article_type, article.create_time AS article_create_time, user.nickname AS user_nickname 
FROM article INNER JOIN user ON user.user_id = article.user_id 
WHERE article.drafted = %(drafted_1)s ORDER BY article.browse_num DESC 
 LIMIT %(param_1)s
2026-03-09 17:55:08,015:INFO:base.py:1846 [generated in 0.00077s] {'drafted_1': 1, 'param_1': 10}
2026-03-09 17:55:08,075:DEBUG:index.py:31 db_result: [(<model.article.Article object at 0x11239cf50>, '码农突围'), (<model.article.Article object at 0x11239d090>, '码农突围'), (<model.article.Article object at 0x1122e7a80>, '流逝在指尖活在当下'), (<model.article.Article object at 0x1122e7e10>, 'xpbob'), (<model.article.Article object at 0x1123928d0>, '终端研发部'), (<model.article.Article object at 0x1120eff00>, '万猫学社'), (<model.article.Article object at 0x1123cc050>, '万猫学社'), (<model.article.Article object at 0x112376550>, '小奇JAVA'), (<model.article.Article object at 0x112376650>, '求老仙'), (<model.article.Article object at 0x11237af30>, '南瓜慢说')]
2026-03-09 17:55:08,094:INFO:_internal.py:97 127.0.0.1 - - [09/Mar/2026 17:55:08] "GET / HTTP/1.1" 200 -
2026-03-09 17:55:08,209:INFO:_internal.py:97 127.0.0.1 - - [09/Mar/2026 17:55:08] "GET /plugins/bootstrap/css/bootstrap.min.css HTTP/1.1" 200 -
2026-03-09 17:55:08,213:INFO:_internal.py:97 127.0.0.1 - - [09/Mar/2026 17:55:08] "GET /plugins/bootstrap/js/bootstrap.min.js HTTP/1.1" 200 -
2026-03-09 17:55:08,214:INFO:_internal.py:97 127.0.0.1 - - [09/Mar/2026 17:55:08] "GET /js/axios.min.js HTTP/1.1" 200 -
2026-03-09 17:55:08,214:INFO:_internal.py:97 127.0.0.1 - - [09/Mar/2026 17:55:08] "GET /css/base.css HTTP/1.1" 200 -
2026-03-09 17:55:08,214:INFO:_internal.py:97 127.0.0.1 - - [09/Mar/2026 17:55:08] "GET /css/index.css HTTP/1.1" 200 -
2026-03-09 17:55:08,216:INFO:_internal.py:97 127.0.0.1 - - [09/Mar/2026 17:55:08] "GET /css/login.css HTTP/1.1" 200 -
2026-03-09 17:55:08,227:INFO:_internal.py:97 127.0.0.1 - - [09/Mar/2026 17:55:08] "[33mGET /images/new.png HTTP/1.1[0m" 404 -
2026-03-09 17:55:08,230:INFO:_internal.py:97 127.0.0.1 - - [09/Mar/2026 17:55:08] "[33mGET /vcode HTTP/1.1[0m" 404 -
2026-03-09 17:55:08,233:INFO:_internal.py:97 127.0.0.1 - - [09/Mar/2026 17:55:08] "GET /js/header.js HTTP/1.1" 200 -
2026-03-09 17:55:08,239:INFO:_internal.py:97 127.0.0.1 - - [09/Mar/2026 17:55:08] "GET /images/article-desc.png HTTP/1.1" 200 -
2026-03-09 17:55:08,239:INFO:_internal.py:97 127.0.0.1 - - [09/Mar/2026 17:55:08] "GET /images/article-logo.png HTTP/1.1" 200 -
2026-03-09 17:55:08,250:INFO:_internal.py:97 127.0.0.1 - - [09/Mar/2026 17:55:08] "GET /js/sub-header.js HTTP/1.1" 200 -
2026-03-09 17:55:08,251:INFO:_internal.py:97 127.0.0.1 - - [09/Mar/2026 17:55:08] "GET /js/index.js HTTP/1.1" 200 -
2026-03-09 17:55:08,262:INFO:_internal.py:97 127.0.0.1 - - [09/Mar/2026 17:55:08] "[33mGET /images/article/header/322.jpg HTTP/1.1[0m" 404 -
2026-03-09 17:55:08,264:INFO:_internal.py:97 127.0.0.1 - - [09/Mar/2026 17:55:08] "[33mGET /images/article/header/310.jpg HTTP/1.1[0m" 404 -
2026-03-09 17:55:08,267:INFO:_internal.py:97 127.0.0.1 - - [09/Mar/2026 17:55:08] "[33mGET /images/article/header/252.jpg HTTP/1.1[0m" 404 -
2026-03-09 17:55:08,268:INFO:_internal.py:97 127.0.0.1 - - [09/Mar/2026 17:55:08] "GET /images/article/header/321.jpg HTTP/1.1" 200 -
2026-03-09 17:55:08,272:INFO:_internal.py:97 127.0.0.1 - - [09/Mar/2026 17:55:08] "[33mGET /images/article/header/325.jpg HTTP/1.1[0m" 404 -
2026-03-09 17:55:08,273:INFO:_internal.py:97 127.0.0.1 - - [09/Mar/2026 17:55:08] "[33mGET /images/article/header/320.jpg HTTP/1.1[0m" 404 -
2026-03-09 17:55:08,277:INFO:_internal.py:97 127.0.0.1 - - [09/Mar/2026 17:55:08] "[33mGET /images/article/header/318.jpg HTTP/1.1[0m" 404 -
2026-03-09 17:55:08,279:INFO:_internal.py:97 127.0.0.1 - - [09/Mar/2026 17:55:08] "GET /images/article/header/319.jpg HTTP/1.1" 200 -
2026-03-09 17:55:08,282:INFO:_internal.py:97 127.0.0.1 - - [09/Mar/2026 17:55:08] "[33mGET /images/article/header/328.jpg HTTP/1.1[0m" 404 -
2026-03-09 17:55:08,286:INFO:_internal.py:97 127.0.0.1 - - [09/Mar/2026 17:55:08] "[33mGET /images/article/header/329.jpg HTTP/1.1[0m" 404 -
2026-03-09 17:55:08,288:INFO:_internal.py:97 127.0.0.1 - - [09/Mar/2026 17:55:08] "[33mGET /images/new.png HTTP/1.1[0m" 404 -
2026-03-09 17:55:08,332:INFO:_internal.py:97 127.0.0.1 - - [09/Mar/2026 17:55:08] "[33mGET /font/iconfont.woff2?t=1683105399944 HTTP/1.1[0m" 404 -
2026-03-09 17:55:08,373:INFO:_internal.py:97 127.0.0.1 - - [09/Mar/2026 17:55:08] "[33mGET /font/iconfont.woff?t=1683105399944 HTTP/1.1[0m" 404 -
2026-03-09 17:55:08,430:INFO:_internal.py:97 127.0.0.1 - - [09/Mar/2026 17:55:08] "GET /font/iconfont.ttf?t=1683105399944 HTTP/1.1" 200 -
2026-03-09 17:55:10,610:DEBUG:index.py:24 page: 2, article_type: recommend
2026-03-09 17:55:10,611:ERROR:app.py:875 Exception on / [GET]
Traceback (most recent call last):
  File "/Users/uccs/Desktop/project/python/mumunote/.venv/lib/python3.13/site-packages/flask/app.py", line 1511, in wsgi_app
    response = self.full_dispatch_request()
  File "/Users/uccs/Desktop/project/python/mumunote/.venv/lib/python3.13/site-packages/flask/app.py", line 919, in full_dispatch_request
    rv = self.handle_user_exception(e)
  File "/Users/uccs/Desktop/project/python/mumunote/.venv/lib/python3.13/site-packages/flask/app.py", line 917, in full_dispatch_request
    rv = self.dispatch_request()
  File "/Users/uccs/Desktop/project/python/mumunote/.venv/lib/python3.13/site-packages/flask/app.py", line 902, in dispatch_request
    return self.ensure_sync(self.view_functions[rule.endpoint])(**view_args)  # type: ignore[no-any-return]
           ~~~~~~~~~~~~~~~~~~~~~~~~~~~~~~~~~~~~~~~~~~~~~~~~~~~~^^^^^^^^^^^^^
  File "/Users/uccs/Desktop/project/python/mumunote/controller/index.py", line 30, in home
    db_result = Article().find_article(page, article_type)
  File "/Users/uccs/Desktop/project/python/mumunote/model/article.py", line 14, in find_article
    if page < 1:
       ^^^^^^^^
TypeError: '<' not supported between instances of 'str' and 'int'
2026-03-09 17:55:10,614:INFO:_internal.py:97 127.0.0.1 - - [09/Mar/2026 17:55:10] "[35m[1mGET /?page=2&article_type=recommend&start_num=10&end_num=10&scroll=1 HTTP/1.1[0m" 500 -
2026-03-09 17:55:10,652:DEBUG:index.py:24 page: 2, article_type: recommend
2026-03-09 17:55:10,653:ERROR:app.py:875 Exception on / [GET]
Traceback (most recent call last):
  File "/Users/uccs/Desktop/project/python/mumunote/.venv/lib/python3.13/site-packages/flask/app.py", line 1511, in wsgi_app
    response = self.full_dispatch_request()
  File "/Users/uccs/Desktop/project/python/mumunote/.venv/lib/python3.13/site-packages/flask/app.py", line 919, in full_dispatch_request
    rv = self.handle_user_exception(e)
  File "/Users/uccs/Desktop/project/python/mumunote/.venv/lib/python3.13/site-packages/flask/app.py", line 917, in full_dispatch_request
    rv = self.dispatch_request()
  File "/Users/uccs/Desktop/project/python/mumunote/.venv/lib/python3.13/site-packages/flask/app.py", line 902, in dispatch_request
    return self.ensure_sync(self.view_functions[rule.endpoint])(**view_args)  # type: ignore[no-any-return]
           ~~~~~~~~~~~~~~~~~~~~~~~~~~~~~~~~~~~~~~~~~~~~~~~~~~~~^^^^^^^^^^^^^
  File "/Users/uccs/Desktop/project/python/mumunote/controller/index.py", line 30, in home
    db_result = Article().find_article(page, article_type)
  File "/Users/uccs/Desktop/project/python/mumunote/model/article.py", line 14, in find_article
    if page < 1:
       ^^^^^^^^
TypeError: '<' not supported between instances of 'str' and 'int'
2026-03-09 17:55:10,657:INFO:_internal.py:97 127.0.0.1 - - [09/Mar/2026 17:55:10] "[35m[1mGET /?page=2&article_type=recommend&start_num=10&end_num=10&scroll=1 HTTP/1.1[0m" 500 -
2026-03-09 17:55:28,781:DEBUG:index.py:24 page: None, article_type: None
2026-03-09 17:55:28,808:INFO:base.py:2710 BEGIN (implicit)
2026-03-09 17:55:28,809:INFO:base.py:1846 SELECT article.id AS article_id, article.label_name AS article_label_name, article.article_image AS article_article_image, article.title AS article_title, article.article_content AS article_article_content, article.article_tag AS article_article_tag, article.user_id AS article_user_id, article.browse_num AS article_browse_num, article.drafted AS article_drafted, article.article_type AS article_article_type, article.create_time AS article_create_time, user.nickname AS user_nickname 
FROM article INNER JOIN user ON user.user_id = article.user_id 
WHERE article.drafted = %(drafted_1)s ORDER BY article.browse_num DESC 
 LIMIT %(param_1)s
2026-03-09 17:55:28,809:INFO:base.py:1846 [cached since 20.79s ago] {'drafted_1': 1, 'param_1': 10}
2026-03-09 17:55:28,833:DEBUG:index.py:31 db_result: [(<model.article.Article object at 0x1123cb860>, '码农突围'), (<model.article.Article object at 0x1120dfc50>, '码农突围'), (<model.article.Article object at 0x1120dfad0>, '流逝在指尖活在当下'), (<model.article.Article object at 0x1120debd0>, 'xpbob'), (<model.article.Article object at 0x1120df710>, '终端研发部'), (<model.article.Article object at 0x1120dfb90>, '万猫学社'), (<model.article.Article object at 0x1120df590>, '万猫学社'), (<model.article.Article object at 0x1120df890>, '小奇JAVA'), (<model.article.Article object at 0x1120df950>, '求老仙'), (<model.article.Article object at 0x1120df7d0>, '南瓜慢说')]
2026-03-09 17:55:28,835:INFO:_internal.py:97 127.0.0.1 - - [09/Mar/2026 17:55:28] "GET / HTTP/1.1" 200 -
2026-03-09 17:55:28,890:INFO:_internal.py:97 127.0.0.1 - - [09/Mar/2026 17:55:28] "[36mGET /plugins/bootstrap/css/bootstrap.min.css HTTP/1.1[0m" 304 -
2026-03-09 17:55:28,895:INFO:_internal.py:97 127.0.0.1 - - [09/Mar/2026 17:55:28] "[36mGET /css/base.css HTTP/1.1[0m" 304 -
2026-03-09 17:55:28,896:INFO:_internal.py:97 127.0.0.1 - - [09/Mar/2026 17:55:28] "[36mGET /css/login.css HTTP/1.1[0m" 304 -
2026-03-09 17:55:28,896:INFO:_internal.py:97 127.0.0.1 - - [09/Mar/2026 17:55:28] "[36mGET /css/index.css HTTP/1.1[0m" 304 -
2026-03-09 17:55:28,897:INFO:_internal.py:97 127.0.0.1 - - [09/Mar/2026 17:55:28] "[36mGET /plugins/bootstrap/js/bootstrap.min.js HTTP/1.1[0m" 304 -
2026-03-09 17:55:28,900:INFO:_internal.py:97 127.0.0.1 - - [09/Mar/2026 17:55:28] "[36mGET /js/axios.min.js HTTP/1.1[0m" 304 -
2026-03-09 17:55:28,902:INFO:_internal.py:97 127.0.0.1 - - [09/Mar/2026 17:55:28] "[36mGET /js/header.js HTTP/1.1[0m" 304 -
2026-03-09 17:55:28,917:INFO:_internal.py:97 127.0.0.1 - - [09/Mar/2026 17:55:28] "[33mGET /images/new.png HTTP/1.1[0m" 404 -
2026-03-09 17:55:28,919:INFO:_internal.py:97 127.0.0.1 - - [09/Mar/2026 17:55:28] "[33mGET /vcode HTTP/1.1[0m" 404 -
2026-03-09 17:55:28,961:INFO:_internal.py:97 127.0.0.1 - - [09/Mar/2026 17:55:28] "[36mGET /images/article-logo.png HTTP/1.1[0m" 304 -
2026-03-09 17:55:28,962:INFO:_internal.py:97 127.0.0.1 - - [09/Mar/2026 17:55:28] "[36mGET /images/article-desc.png HTTP/1.1[0m" 304 -
2026-03-09 17:55:28,963:INFO:_internal.py:97 127.0.0.1 - - [09/Mar/2026 17:55:28] "[36mGET /js/sub-header.js HTTP/1.1[0m" 304 -
2026-03-09 17:55:28,965:INFO:_internal.py:97 127.0.0.1 - - [09/Mar/2026 17:55:28] "[36mGET /images/article/header/321.jpg HTTP/1.1[0m" 304 -
2026-03-09 17:55:28,966:INFO:_internal.py:97 127.0.0.1 - - [09/Mar/2026 17:55:28] "[36mGET /images/article/header/319.jpg HTTP/1.1[0m" 304 -
2026-03-09 17:55:28,968:INFO:_internal.py:97 127.0.0.1 - - [09/Mar/2026 17:55:28] "[33mGET /images/new.png HTTP/1.1[0m" 404 -
2026-03-09 17:55:28,971:INFO:_internal.py:97 127.0.0.1 - - [09/Mar/2026 17:55:28] "[33mGET /font/iconfont.woff2?t=1683105399944 HTTP/1.1[0m" 404 -
2026-03-09 17:55:28,972:INFO:_internal.py:97 127.0.0.1 - - [09/Mar/2026 17:55:28] "[36mGET /js/index.js HTTP/1.1[0m" 304 -
2026-03-09 17:55:28,976:INFO:_internal.py:97 127.0.0.1 - - [09/Mar/2026 17:55:28] "[33mGET /images/article/header/322.jpg HTTP/1.1[0m" 404 -
2026-03-09 17:55:28,982:INFO:_internal.py:97 127.0.0.1 - - [09/Mar/2026 17:55:28] "[33mGET /images/article/header/310.jpg HTTP/1.1[0m" 404 -
2026-03-09 17:55:28,992:INFO:_internal.py:97 127.0.0.1 - - [09/Mar/2026 17:55:28] "[33mGET /images/article/header/252.jpg HTTP/1.1[0m" 404 -
2026-03-09 17:55:28,993:INFO:_internal.py:97 127.0.0.1 - - [09/Mar/2026 17:55:28] "[33mGET /images/article/header/325.jpg HTTP/1.1[0m" 404 -
2026-03-09 17:55:29,004:INFO:_internal.py:97 127.0.0.1 - - [09/Mar/2026 17:55:29] "[33mGET /images/article/header/318.jpg HTTP/1.1[0m" 404 -
2026-03-09 17:55:29,005:INFO:_internal.py:97 127.0.0.1 - - [09/Mar/2026 17:55:29] "[33mGET /images/article/header/320.jpg HTTP/1.1[0m" 404 -
2026-03-09 17:55:29,008:INFO:_internal.py:97 127.0.0.1 - - [09/Mar/2026 17:55:29] "[33mGET /images/article/header/328.jpg HTTP/1.1[0m" 404 -
2026-03-09 17:55:29,014:INFO:_internal.py:97 127.0.0.1 - - [09/Mar/2026 17:55:29] "[33mGET /images/article/header/329.jpg HTTP/1.1[0m" 404 -
2026-03-09 17:55:29,029:INFO:_internal.py:97 127.0.0.1 - - [09/Mar/2026 17:55:29] "[33mGET /font/iconfont.woff?t=1683105399944 HTTP/1.1[0m" 404 -
2026-03-09 17:55:29,093:INFO:_internal.py:97 127.0.0.1 - - [09/Mar/2026 17:55:29] "[36mGET /font/iconfont.ttf?t=1683105399944 HTTP/1.1[0m" 304 -
2026-03-09 17:55:30,691:DEBUG:index.py:24 page: 2, article_type: recommend
2026-03-09 17:55:30,691:ERROR:app.py:875 Exception on / [GET]
Traceback (most recent call last):
  File "/Users/uccs/Desktop/project/python/mumunote/.venv/lib/python3.13/site-packages/flask/app.py", line 1511, in wsgi_app
    response = self.full_dispatch_request()
  File "/Users/uccs/Desktop/project/python/mumunote/.venv/lib/python3.13/site-packages/flask/app.py", line 919, in full_dispatch_request
    rv = self.handle_user_exception(e)
  File "/Users/uccs/Desktop/project/python/mumunote/.venv/lib/python3.13/site-packages/flask/app.py", line 917, in full_dispatch_request
    rv = self.dispatch_request()
  File "/Users/uccs/Desktop/project/python/mumunote/.venv/lib/python3.13/site-packages/flask/app.py", line 902, in dispatch_request
    return self.ensure_sync(self.view_functions[rule.endpoint])(**view_args)  # type: ignore[no-any-return]
           ~~~~~~~~~~~~~~~~~~~~~~~~~~~~~~~~~~~~~~~~~~~~~~~~~~~~^^^^^^^^^^^^^
  File "/Users/uccs/Desktop/project/python/mumunote/controller/index.py", line 30, in home
    db_result = Article().find_article(page, article_type)
  File "/Users/uccs/Desktop/project/python/mumunote/model/article.py", line 14, in find_article
    if page < 1:
       ^^^^^^^^
TypeError: '<' not supported between instances of 'str' and 'int'
2026-03-09 17:55:30,714:INFO:_internal.py:97 127.0.0.1 - - [09/Mar/2026 17:55:30] "[35m[1mGET /?page=2&article_type=recommend&start_num=10&end_num=10&scroll=1 HTTP/1.1[0m" 500 -
2026-03-09 17:55:30,796:DEBUG:index.py:24 page: 2, article_type: recommend
2026-03-09 17:55:30,796:ERROR:app.py:875 Exception on / [GET]
Traceback (most recent call last):
  File "/Users/uccs/Desktop/project/python/mumunote/.venv/lib/python3.13/site-packages/flask/app.py", line 1511, in wsgi_app
    response = self.full_dispatch_request()
  File "/Users/uccs/Desktop/project/python/mumunote/.venv/lib/python3.13/site-packages/flask/app.py", line 919, in full_dispatch_request
    rv = self.handle_user_exception(e)
  File "/Users/uccs/Desktop/project/python/mumunote/.venv/lib/python3.13/site-packages/flask/app.py", line 917, in full_dispatch_request
    rv = self.dispatch_request()
  File "/Users/uccs/Desktop/project/python/mumunote/.venv/lib/python3.13/site-packages/flask/app.py", line 902, in dispatch_request
    return self.ensure_sync(self.view_functions[rule.endpoint])(**view_args)  # type: ignore[no-any-return]
           ~~~~~~~~~~~~~~~~~~~~~~~~~~~~~~~~~~~~~~~~~~~~~~~~~~~~^^^^^^^^^^^^^
  File "/Users/uccs/Desktop/project/python/mumunote/controller/index.py", line 30, in home
    db_result = Article().find_article(page, article_type)
  File "/Users/uccs/Desktop/project/python/mumunote/model/article.py", line 14, in find_article
    if page < 1:
       ^^^^^^^^
TypeError: '<' not supported between instances of 'str' and 'int'
2026-03-09 17:55:30,799:INFO:_internal.py:97 127.0.0.1 - - [09/Mar/2026 17:55:30] "[35m[1mGET /?page=2&article_type=recommend&start_num=10&end_num=10&scroll=1 HTTP/1.1[0m" 500 -
2026-03-09 17:56:09,884:INFO:base.py:1846 SELECT DATABASE()
2026-03-09 17:56:09,885:INFO:base.py:1846 [raw sql] {}
2026-03-09 17:56:09,888:INFO:base.py:1846 SELECT @@sql_mode
2026-03-09 17:56:09,888:INFO:base.py:1846 [raw sql] {}
2026-03-09 17:56:09,890:INFO:base.py:1846 SELECT @@lower_case_table_names
2026-03-09 17:56:09,890:INFO:base.py:1846 [raw sql] {}
2026-03-09 17:56:09,910:INFO:base.py:2710 BEGIN (implicit)
2026-03-09 17:56:09,910:INFO:base.py:1846 SHOW CREATE TABLE `user`
2026-03-09 17:56:09,910:INFO:base.py:1846 [raw sql] {}
2026-03-09 17:56:09,914:INFO:base.py:2713 ROLLBACK
2026-03-09 17:56:09,937:INFO:base.py:1846 SELECT DATABASE()
2026-03-09 17:56:09,938:INFO:base.py:1846 [raw sql] {}
2026-03-09 17:56:09,942:INFO:base.py:1846 SELECT @@sql_mode
2026-03-09 17:56:09,942:INFO:base.py:1846 [raw sql] {}
2026-03-09 17:56:09,945:INFO:base.py:1846 SELECT @@lower_case_table_names
2026-03-09 17:56:09,945:INFO:base.py:1846 [raw sql] {}
2026-03-09 17:56:09,950:INFO:base.py:2710 BEGIN (implicit)
2026-03-09 17:56:09,950:INFO:base.py:1846 SHOW CREATE TABLE `article`
2026-03-09 17:56:09,950:INFO:base.py:1846 [raw sql] {}
2026-03-09 17:56:09,958:INFO:base.py:2713 ROLLBACK
2026-03-09 17:56:09,974:INFO:_internal.py:97 [31m[1mWARNING: This is a development server. Do not use it in a production deployment. Use a production WSGI server instead.[0m
 * Running on http://127.0.0.1:5001
2026-03-09 17:56:09,974:INFO:_internal.py:97 [33mPress CTRL+C to quit[0m
2026-03-09 17:56:14,592:DEBUG:index.py:24 page: None, article_type: None
2026-03-09 17:56:14,596:INFO:base.py:2710 BEGIN (implicit)
2026-03-09 17:56:14,607:INFO:base.py:1846 SELECT article.id AS article_id, article.label_name AS article_label_name, article.article_image AS article_article_image, article.title AS article_title, article.article_content AS article_article_content, article.article_tag AS article_article_tag, article.user_id AS article_user_id, article.browse_num AS article_browse_num, article.drafted AS article_drafted, article.article_type AS article_article_type, article.create_time AS article_create_time, user.nickname AS user_nickname 
FROM article INNER JOIN user ON user.user_id = article.user_id 
WHERE article.drafted = %(drafted_1)s ORDER BY article.browse_num DESC 
 LIMIT %(param_1)s
2026-03-09 17:56:14,608:INFO:base.py:1846 [generated in 0.00047s] {'drafted_1': 1, 'param_1': 10}
2026-03-09 17:56:14,653:DEBUG:index.py:31 db_result: [(<model.article.Article object at 0x1066ecf50>, '码农突围'), (<model.article.Article object at 0x1066ed090>, '码农突围'), (<model.article.Article object at 0x10663bbb0>, '流逝在指尖活在当下'), (<model.article.Article object at 0x10663be10>, 'xpbob'), (<model.article.Article object at 0x1066ea8d0>, '终端研发部'), (<model.article.Article object at 0x1065b3f00>, '万猫学社'), (<model.article.Article object at 0x106720050>, '万猫学社'), (<model.article.Article object at 0x1066ca650>, '小奇JAVA'), (<model.article.Article object at 0x1066ca750>, '求老仙'), (<model.article.Article object at 0x1066ced50>, '南瓜慢说')]
2026-03-09 17:56:14,676:INFO:_internal.py:97 127.0.0.1 - - [09/Mar/2026 17:56:14] "GET / HTTP/1.1" 200 -
2026-03-09 17:56:14,751:INFO:_internal.py:97 127.0.0.1 - - [09/Mar/2026 17:56:14] "[36mGET /plugins/bootstrap/css/bootstrap.min.css HTTP/1.1[0m" 304 -
2026-03-09 17:56:14,753:INFO:_internal.py:97 127.0.0.1 - - [09/Mar/2026 17:56:14] "[36mGET /css/index.css HTTP/1.1[0m" 304 -
2026-03-09 17:56:14,759:INFO:_internal.py:97 127.0.0.1 - - [09/Mar/2026 17:56:14] "[36mGET /plugins/bootstrap/js/bootstrap.min.js HTTP/1.1[0m" 304 -
2026-03-09 17:56:14,764:INFO:_internal.py:97 127.0.0.1 - - [09/Mar/2026 17:56:14] "[36mGET /css/login.css HTTP/1.1[0m" 304 -
2026-03-09 17:56:14,768:INFO:_internal.py:97 127.0.0.1 - - [09/Mar/2026 17:56:14] "[36mGET /js/header.js HTTP/1.1[0m" 304 -
2026-03-09 17:56:14,771:INFO:_internal.py:97 127.0.0.1 - - [09/Mar/2026 17:56:14] "[36mGET /js/axios.min.js HTTP/1.1[0m" 304 -
2026-03-09 17:56:14,782:INFO:_internal.py:97 127.0.0.1 - - [09/Mar/2026 17:56:14] "[36mGET /css/base.css HTTP/1.1[0m" 304 -
2026-03-09 17:56:14,801:INFO:_internal.py:97 127.0.0.1 - - [09/Mar/2026 17:56:14] "[33mGET /images/new.png HTTP/1.1[0m" 404 -
2026-03-09 17:56:14,817:INFO:_internal.py:97 127.0.0.1 - - [09/Mar/2026 17:56:14] "[33mGET /vcode HTTP/1.1[0m" 404 -
2026-03-09 17:56:14,820:INFO:_internal.py:97 127.0.0.1 - - [09/Mar/2026 17:56:14] "[36mGET /images/article-logo.png HTTP/1.1[0m" 304 -
2026-03-09 17:56:14,822:INFO:_internal.py:97 127.0.0.1 - - [09/Mar/2026 17:56:14] "[36mGET /images/article-desc.png HTTP/1.1[0m" 304 -
2026-03-09 17:56:14,823:INFO:_internal.py:97 127.0.0.1 - - [09/Mar/2026 17:56:14] "[36mGET /js/sub-header.js HTTP/1.1[0m" 304 -
2026-03-09 17:56:14,827:INFO:_internal.py:97 127.0.0.1 - - [09/Mar/2026 17:56:14] "[36mGET /js/index.js HTTP/1.1[0m" 304 -
2026-03-09 17:56:14,828:INFO:_internal.py:97 127.0.0.1 - - [09/Mar/2026 17:56:14] "[36mGET /images/article/header/321.jpg HTTP/1.1[0m" 304 -
2026-03-09 17:56:14,833:INFO:_internal.py:97 127.0.0.1 - - [09/Mar/2026 17:56:14] "[33mGET /images/new.png HTTP/1.1[0m" 404 -
2026-03-09 17:56:14,878:INFO:_internal.py:97 127.0.0.1 - - [09/Mar/2026 17:56:14] "[33mGET /images/article/header/322.jpg HTTP/1.1[0m" 404 -
2026-03-09 17:56:14,883:INFO:_internal.py:97 127.0.0.1 - - [09/Mar/2026 17:56:14] "[33mGET /images/article/header/310.jpg HTTP/1.1[0m" 404 -
2026-03-09 17:56:14,900:INFO:_internal.py:97 127.0.0.1 - - [09/Mar/2026 17:56:14] "[33mGET /images/article/header/252.jpg HTTP/1.1[0m" 404 -
2026-03-09 17:56:14,904:INFO:_internal.py:97 127.0.0.1 - - [09/Mar/2026 17:56:14] "[33mGET /images/article/header/325.jpg HTTP/1.1[0m" 404 -
2026-03-09 17:56:14,910:INFO:_internal.py:97 127.0.0.1 - - [09/Mar/2026 17:56:14] "[33mGET /images/article/header/320.jpg HTTP/1.1[0m" 404 -
2026-03-09 17:56:14,914:INFO:_internal.py:97 127.0.0.1 - - [09/Mar/2026 17:56:14] "[36mGET /images/article/header/319.jpg HTTP/1.1[0m" 304 -
2026-03-09 17:56:14,918:INFO:_internal.py:97 127.0.0.1 - - [09/Mar/2026 17:56:14] "[33mGET /images/article/header/328.jpg HTTP/1.1[0m" 404 -
2026-03-09 17:56:14,920:INFO:_internal.py:97 127.0.0.1 - - [09/Mar/2026 17:56:14] "[33mGET /images/article/header/329.jpg HTTP/1.1[0m" 404 -
2026-03-09 17:56:14,923:INFO:_internal.py:97 127.0.0.1 - - [09/Mar/2026 17:56:14] "[33mGET /font/iconfont.woff2?t=1683105399944 HTTP/1.1[0m" 404 -
2026-03-09 17:56:14,925:INFO:_internal.py:97 127.0.0.1 - - [09/Mar/2026 17:56:14] "[33mGET /images/article/header/318.jpg HTTP/1.1[0m" 404 -
2026-03-09 17:56:14,989:INFO:_internal.py:97 127.0.0.1 - - [09/Mar/2026 17:56:14] "[33mGET /font/iconfont.woff?t=1683105399944 HTTP/1.1[0m" 404 -
2026-03-09 17:56:15,024:INFO:_internal.py:97 127.0.0.1 - - [09/Mar/2026 17:56:15] "[36mGET /font/iconfont.ttf?t=1683105399944 HTTP/1.1[0m" 304 -
